tx_hash,method,local_time,utc_time,sender,receiver,amount,status,functionName
0xe37f4d76fc9afb684855d48f573eb442b8f8d083fa715cd6000c02fb9b12d8cc,0x60068054,2025/07/07 14:40:11,2025/07/07 06:40:11,0x0000000000000000000000000000000000000000,0xfaf8956ad2f23fa5e0f4d749731d8325d31e2452,1000000000.0000000000,SUCCESS,
0x213dc3f998e226923e41c0a2a3a667f1a8e367fba9f94372ffad73870686906b,0xf7b48072,2025/07/07 14:40:54,2025/07/07 06:40:54,0xfaf8956ad2f23fa5e0f4d749731d8325d31e2452,0xa5f7cb7372bea999616c52680952769d6872b651,1000000000.0000000000,SUCCESS,
0x213dc3f998e226923e41c0a2a3a667f1a8e367fba9f94372ffad73870686906b,0xf7b48072,2025/07/07 14:40:54,2025/07/07 06:40:54,0xa5f7cb7372bea999616c52680952769d6872b651,0xd4b0fdba8c8bf7727de6b49d53e5f92ebc2a6b4c,1000000000.0000000000,SUCCESS,
0x213dc3f998e226923e41c0a2a3a667f1a8e367fba9f94372ffad73870686906b,0xf7b48072,2025/07/07 14:40:54,2025/07/07 06:40:54,0xd4b0fdba8c8bf7727de6b49d53e5f92ebc2a6b4c,0x60473ee37f303518c202c98d03afdd1b9baba274,276607288.1815715432,SUCCESS,
0x213dc3f998e226923e41c0a2a3a667f1a8e367fba9f94372ffad73870686906b,0xf7b48072,2025/07/07 14:40:54,2025/07/07 06:40:54,0xd4b0fdba8c8bf7727de6b49d53e5f92ebc2a6b4c,0x4e14377ebcc9cd4f98fe91d7132656b968a82725,145778097.8938072622,SUCCESS,
0x213dc3f998e226923e41c0a2a3a667f1a8e367fba9f94372ffad73870686906b,0xf7b48072,2025/07/07 14:40:54,2025/07/07 06:40:54,0xd4b0fdba8c8bf7727de6b49d53e5f92ebc2a6b4c,0x7db05526c82e23bd0b0a9608e04922cf0c5ea83f,100645144.3294756562,SUCCESS,
0x213dc3f998e226923e41c0a2a3a667f1a8e367fba9f94372ffad73870686906b,0xf7b48072,2025/07/07 14:40:54,2025/07/07 06:40:54,0xd4b0fdba8c8bf7727de6b49d53e5f92ebc2a6b4c,0xc949d11ecbb0bcf3be0afd37c5ed9345b4a743d3,78803651.4983283877,SUCCESS,
0x213dc3f998e226923e41c0a2a3a667f1a8e367fba9f94372ffad73870686906b,0xf7b48072,2025/07/07 14:40:54,2025/07/07 06:40:54,0xd4b0fdba8c8bf7727de6b49d53e5f92ebc2a6b4c,0x577e490600a28cf441a79b18e71cfcc2d20a512c,54487765.4352223724,SUCCESS,
0x213dc3f998e226923e41c0a2a3a667f1a8e367fba9f94372ffad73870686906b,0xf7b48072,2025/07/07 14:40:54,2025/07/07 06:40:54,0xd4b0fdba8c8bf7727de6b49d53e5f92ebc2a6b4c,0x59e151251dc8b4d5ca7a4da85221ace303a5f6a2,20277231.4876089133,SUCCESS,
0x213dc3f998e226923e41c0a2a3a667f1a8e367fba9f94372ffad73870686906b,0xf7b48072,2025/07/07 14:40:54,2025/07/07 06:40:54,0xd4b0fdba8c8bf7727de6b49d53e5f92ebc2a6b4c,0xc5904a4bf31cf1f5c2a00c8dd89d8a9a51fe70da,32735059.3824137449,SUCCESS,
0x213dc3f998e226923e41c0a2a3a667f1a8e367fba9f94372ffad73870686906b,0xf7b48072,2025/07/07 14:40:54,2025/07/07 06:40:54,0xd4b0fdba8c8bf7727de6b49d53e5f92ebc2a6b4c,0x1ac23c97ff84eb3ac74e3e2f235b9e066f7b0eac,26711067.4393400066,SUCCESS,
0x213dc3f998e226923e41c0a2a3a667f1a8e367fba9f94372ffad73870686906b,0xf7b48072,2025/07/07 14:40:54,2025/07/07 06:40:54,0xd4b0fdba8c8bf7727de6b49d53e5f92ebc2a6b4c,0xfe8f01edf0a23514306c79a91185a95c0fe36827,6.9288105449,SUCCESS,
0x213dc3f998e226923e41c0a2a3a667f1a8e367fba9f94372ffad73870686906b,0xf7b48072,2025/07/07 14:40:54,2025/07/07 06:40:54,0xd4b0fdba8c8bf7727de6b49d53e5f92ebc2a6b4c,0xfe1fb267201895e18a91ad36509a97c6d4f193b3,1.1548017220,SUCCESS,
0x213dc3f998e226923e41c0a2a3a667f1a8e367fba9f94372ffad73870686906b,0xf7b48072,2025/07/07 14:40:54,2025/07/07 06:40:54,0xd4b0fdba8c8bf7727de6b49d53e5f92ebc2a6b4c,0xfdf9919d8f6da34163a9dc602d0885c165ffbf9c,1.1548017119,SUCCESS,
0x213dc3f998e226923e41c0a2a3a667f1a8e367fba9f94372ffad73870686906b,0xf7b48072,2025/07/07 14:40:54,2025/07/07 06:40:54,0xd4b0fdba8c8bf7727de6b49d53e5f92ebc2a6b4c,0xfd8dae15e437ea60be048863c3d03ca0213afc9a,1.1548017018,SUCCESS,
0x213dc3f998e226923e41c0a2a3a667f1a8e367fba9f94372ffad73870686906b,0xf7b48072,2025/07/07 14:40:54,2025/07/07 06:40:54,0xd4b0fdba8c8bf7727de6b49d53e5f92ebc2a6b4c,0xfd6b9bb248ccb4a7eb869b5c7288745a6c986543,1.1548016917,SUCCESS,
0x213dc3f998e226923e41c0a2a3a667f1a8e367fba9f94372ffad73870686906b,0xf7b48072,2025/07/07 14:40:54,2025/07/07 06:40:54,0xd4b0fdba8c8bf7727de6b49d53e5f92ebc2a6b4c,0xfaff002ac04957a6d9151763b6c4cd37770da4bf,4.6192066656,SUCCESS,
0x213dc3f998e226923e41c0a2a3a667f1a8e367fba9f94372ffad73870686906b,0xf7b48072,2025/07/07 14:40:54,2025/07/07 06:40:54,0xd4b0fdba8c8bf7727de6b49d53e5f92ebc2a6b4c,0xf9af248af8263691aba8b6806c00a736563ab8e3,1.1548016411,SUCCESS,
0x213dc3f998e226923e41c0a2a3a667f1a8e367fba9f94372ffad73870686906b,0xf7b48072,2025/07/07 14:40:54,2025/07/07 06:40:54,0xd4b0fdba8c8bf7727de6b49d53e5f92ebc2a6b4c,0xf62f9de2978d808c713af266692e87fa95d6d800,5.7740080539,SUCCESS,
0x213dc3f998e226923e41c0a2a3a667f1a8e367fba9f94372ffad73870686906b,0xf7b48072,2025/07/07 14:40:54,2025/07/07 06:40:54,0xd4b0fdba8c8bf7727de6b49d53e5f92ebc2a6b4c,0xf56dacf7e82313cccf4cc80cb1566f9eb283b075,4.6192062610,SUCCESS,
0x213dc3f998e226923e41c0a2a3a667f1a8e367fba9f94372ffad73870686906b,0xf7b48072,2025/07/07 14:40:54,2025/07/07 06:40:54,0xd4b0fdba8c8bf7727de6b49d53e5f92ebc2a6b4c,0xf46a27f8fbc865d32202f1e3bec65c437dd2f30f,3.4644045895,SUCCESS,
0x213dc3f998e226923e41c0a2a3a667f1a8e367fba9f94372ffad73870686906b,0xf7b48072,2025/07/07 14:40:54,2025/07/07 06:40:54,0xd4b0fdba8c8bf7727de6b49d53e5f92ebc2a6b4c,0xf37406ffae654687c30e2702c6b54a193bb1cd34,2.3096030090,SUCCESS,
0x213dc3f998e226923e41c0a2a3a667f1a8e367fba9f94372ffad73870686906b,0xf7b48072,2025/07/07 14:40:54,2025/07/07 06:40:54,0xd4b0fdba8c8bf7727de6b49d53e5f92ebc2a6b4c,0xf2bfbc4b3526340627932aa0fdb6fad23f314b03,1.1548014893,SUCCESS,
0x213dc3f998e226923e41c0a2a3a667f1a8e367fba9f94372ffad73870686906b,0xf7b48072,2025/07/07 14:40:54,2025/07/07 06:40:54,0xd4b0fdba8c8bf7727de6b49d53e5f92ebc2a6b4c,0xecc3f9cc9a24e59d3c7789661bcce5a34878d455,10.3932129492,SUCCESS,
0x213dc3f998e226923e41c0a2a3a667f1a8e367fba9f94372ffad73870686906b,0xf7b48072,2025/07/07 14:40:54,2025/07/07 06:40:54,0xd4b0fdba8c8bf7727de6b49d53e5f92ebc2a6b4c,0xec1ccc0725d7a2d86dbac8988b633125c0b9f3b9,10.3932121298,SUCCESS,
0x213dc3f998e226923e41c0a2a3a667f1a8e367fba9f94372ffad73870686906b,0xf7b48072,2025/07/07 14:40:54,2025/07/07 06:40:54,0xd4b0fdba8c8bf7727de6b49d53e5f92ebc2a6b4c,0xe811dfecb6a88fc353fdee5a9e85286b1b4159e0,9.2384100940,SUCCESS,
0x213dc3f998e226923e41c0a2a3a667f1a8e367fba9f94372ffad73870686906b,0xf7b48072,2025/07/07 14:40:54,2025/07/07 06:40:54,0xd4b0fdba8c8bf7727de6b49d53e5f92ebc2a6b4c,0xe6b4d81ad9daf0c72681c0ee487a3ccea1575ade,8.0836083010,SUCCESS,
0x213dc3f998e226923e41c0a2a3a667f1a8e367fba9f94372ffad73870686906b,0xf7b48072,2025/07/07 14:40:54,2025/07/07 06:40:54,0xd4b0fdba8c8bf7727de6b49d53e5f92ebc2a6b4c,0xe3098fd6574ce3085a1e4b58710230663d49ec3e,6.9288067206,SUCCESS,
0x213dc3f998e226923e41c0a2a3a667f1a8e367fba9f94372ffad73870686906b,0xf7b48072,2025/07/07 14:40:54,2025/07/07 06:40:54,0xd4b0fdba8c8bf7727de6b49d53e5f92ebc2a6b4c,0xe0c16d45118ffaa57c9b624062f73a88e207d176,5.7740053222,SUCCESS,
0x213dc3f998e226923e41c0a2a3a667f1a8e367fba9f94372ffad73870686906b,0xf7b48072,2025/07/07 14:40:54,2025/07/07 06:40:54,0xd4b0fdba8c8bf7727de6b49d53e5f92ebc2a6b4c,0xdee086c81f5c0e5b1f403b3b80bee6de75a6649b,4.6192040756,SUCCESS,
0x213dc3f998e226923e41c0a2a3a667f1a8e367fba9f94372ffad73870686906b,0xf7b48072,2025/07/07 14:40:54,2025/07/07 06:40:54,0xd4b0fdba8c8bf7727de6b49d53e5f92ebc2a6b4c,0xda9de9157074b6968d81dccffae2ede435dc8e78,3.4644029505,SUCCESS,
0x213dc3f998e226923e41c0a2a3a667f1a8e367fba9f94372ffad73870686906b,0xf7b48072,2025/07/07 14:40:54,2025/07/07 06:40:54,0xd4b0fdba8c8bf7727de6b49d53e5f92ebc2a6b4c,0xd8638745f5faf47212fa10fb4b984bab7c6b8a29,2.3096019164,SUCCESS,
0x213dc3f998e226923e41c0a2a3a667f1a8e367fba9f94372ffad73870686906b,0xf7b48072,2025/07/07 14:40:54,2025/07/07 06:40:54,0xd4b0fdba8c8bf7727de6b49d53e5f92ebc2a6b4c,0xd55ab51cc7b3dc60abb6c45a9ad073e937aa2764,1.1548009430,SUCCESS,
0x213dc3f998e226923e41c0a2a3a667f1a8e367fba9f94372ffad73870686906b,0xf7b48072,2025/07/07 14:40:54,2025/07/07 06:40:54,0xd4b0fdba8c8bf7727de6b49d53e5f92ebc2a6b4c,0xd3a08dca8082799ddf591ee80e31742fa2d988b9,10.3932080323,SUCCESS,
0x213dc3f998e226923e41c0a2a3a667f1a8e367fba9f94372ffad73870686906b,0xf7b48072,2025/07/07 14:40:54,2025/07/07 06:40:54,0xd4b0fdba8c8bf7727de6b49d53e5f92ebc2a6b4c,0xd2578ef76723f2a5dbbfb3c1e7f615a407cb35d4,9.2384064518,SUCCESS,
0x213dc3f998e226923e41c0a2a3a667f1a8e367fba9f94372ffad73870686906b,0xf7b48072,2025/07/07 14:40:54,2025/07/07 06:40:54,0xd4b0fdba8c8bf7727de6b49d53e5f92ebc2a6b4c,0xd13858fb8024e012502f39bb8bcbd99f1ec6218b,8.0836051141,SUCCESS,
0x213dc3f998e226923e41c0a2a3a667f1a8e367fba9f94372ffad73870686906b,0xf7b48072,2025/07/07 14:40:54,2025/07/07 06:40:54,0xd4b0fdba8c8bf7727de6b49d53e5f92ebc2a6b4c,0xcb8884ecced0745d84447f8a8c8f24bb0f5bb0c1,6.9288039889,SUCCESS,
0x213dc3f998e226923e41c0a2a3a667f1a8e367fba9f94372ffad73870686906b,0xf7b48072,2025/07/07 14:40:54,2025/07/07 06:40:54,0xd4b0fdba8c8bf7727de6b49d53e5f92ebc2a6b4c,0xc7259885160a31880695880d9f01176d92023c04,5.7740030459,SUCCESS,
0x213dc3f998e226923e41c0a2a3a667f1a8e367fba9f94372ffad73870686906b,0xf7b48072,2025/07/07 14:40:54,2025/07/07 06:40:54,0xd4b0fdba8c8bf7727de6b49d53e5f92ebc2a6b4c,0xbb6128a432c0f41e830e5eaa27b057527855eb37,4.6192022546,SUCCESS,
0x213dc3f998e226923e41c0a2a3a667f1a8e367fba9f94372ffad73870686906b,0xf7b48072,2025/07/07 14:40:54,2025/07/07 06:40:54,0xd4b0fdba8c8bf7727de6b49d53e5f92ebc2a6b4c,0xbb202cc8b196660d80855e39dff3466a0e45e03f,2.3096010665,SUCCESS,
0x213dc3f998e226923e41c0a2a3a667f1a8e367fba9f94372ffad73870686906b,0xf7b48072,2025/07/07 14:40:54,2025/07/07 06:40:54,0xd4b0fdba8c8bf7727de6b49d53e5f92ebc2a6b4c,0xb9d930d9bf79b3561decfce659873c827ead71bf,1.1548005181,SUCCESS,
0x213dc3f998e226923e41c0a2a3a667f1a8e367fba9f94372ffad73870686906b,0xf7b48072,2025/07/07 14:40:54,2025/07/07 06:40:54,0xd4b0fdba8c8bf7727de6b49d53e5f92ebc2a6b4c,0xb90ecde3cce5dfd8e61f298792e81d2f80d86572,10.3932042080,SUCCESS,
0x213dc3f998e226923e41c0a2a3a667f1a8e367fba9f94372ffad73870686906b,0xf7b48072,2025/07/07 14:40:54,2025/07/07 06:40:54,0xd4b0fdba8c8bf7727de6b49d53e5f92ebc2a6b4c,0xb4e0ceeca19a59201bb4206c92260e97e0b7e378,9.2384030524,SUCCESS,
0x213dc3f998e226923e41c0a2a3a667f1a8e367fba9f94372ffad73870686906b,0xf7b48072,2025/07/07 14:40:54,2025/07/07 06:40:54,0xd4b0fdba8c8bf7727de6b49d53e5f92ebc2a6b4c,0xb449b81c8b179e7ef77d7a95028d89d813b824d5,8.0836021397,SUCCESS,
0x213dc3f998e226923e41c0a2a3a667f1a8e367fba9f94372ffad73870686906b,0xf7b48072,2025/07/07 14:40:54,2025/07/07 06:40:54,0xd4b0fdba8c8bf7727de6b49d53e5f92ebc2a6b4c,0xabaf934127c7468c477c0b0687e91daa2a14a217,6.9288014394,SUCCESS,
0x213dc3f998e226923e41c0a2a3a667f1a8e367fba9f94372ffad73870686906b,0xf7b48072,2025/07/07 14:40:54,2025/07/07 06:40:54,0xd4b0fdba8c8bf7727de6b49d53e5f92ebc2a6b4c,0xab5a28bff2195bd93dc8befd4e27fa20f3c2f3df,5.7740009213,SUCCESS,
0x213dc3f998e226923e41c0a2a3a667f1a8e367fba9f94372ffad73870686906b,0xf7b48072,2025/07/07 14:40:54,2025/07/07 06:40:54,0xd4b0fdba8c8bf7727de6b49d53e5f92ebc2a6b4c,0xaaa8e77b552891c50c2309abc3d1d063649e7d04,4.6192005549,SUCCESS,
0x213dc3f998e226923e41c0a2a3a667f1a8e367fba9f94372ffad73870686906b,0xf7b48072,2025/07/07 14:40:54,2025/07/07 06:40:54,0xd4b0fdba8c8bf7727de6b49d53e5f92ebc2a6b4c,0xa66d7cf77ec05f075a1ae9e280bdc9071223d9df,3.4644003099,SUCCESS,
0x213dc3f998e226923e41c0a2a3a667f1a8e367fba9f94372ffad73870686906b,0xf7b48072,2025/07/07 14:40:54,2025/07/07 06:40:54,0xd4b0fdba8c8bf7727de6b49d53e5f92ebc2a6b4c,0xa5d9a348f8358fab6bd64691dc7fe6595a000142,2.3096001560,SUCCESS,
0x213dc3f998e226923e41c0a2a3a667f1a8e367fba9f94372ffad73870686906b,0xf7b48072,2025/07/07 14:40:54,2025/07/07 06:40:54,0xd4b0fdba8c8bf7727de6b49d53e5f92ebc2a6b4c,0xa427a061531cd3cf527830c6ab75742abd9ab1bc,1.1548000628,SUCCESS,
0x213dc3f998e226923e41c0a2a3a667f1a8e367fba9f94372ffad73870686906b,0xf7b48072,2025/07/07 14:40:54,2025/07/07 06:40:54,0xd4b0fdba8c8bf7727de6b49d53e5f92ebc2a6b4c,0xa0a35a741ba87dcebe5b0eb811f15c554cba4521,10.3932001106,SUCCESS,
0x213dc3f998e226923e41c0a2a3a667f1a8e367fba9f94372ffad73870686906b,0xf7b48072,2025/07/07 14:40:54,2025/07/07 06:40:54,0xd4b0fdba8c8bf7727de6b49d53e5f92ebc2a6b4c,0x9ea3c88f97dd53386e148db73508468c7bd44625,9.2383994103,SUCCESS,
0x213dc3f998e226923e41c0a2a3a667f1a8e367fba9f94372ffad73870686906b,0xf7b48072,2025/07/07 14:40:54,2025/07/07 06:40:54,0xd4b0fdba8c8bf7727de6b49d53e5f92ebc2a6b4c,0x9c4399510247433ac6af980756c63329ed7d7b6b,8.0835989528,SUCCESS,
0x213dc3f998e226923e41c0a2a3a667f1a8e367fba9f94372ffad73870686906b,0xf7b48072,2025/07/07 14:40:54,2025/07/07 06:40:54,0xd4b0fdba8c8bf7727de6b49d53e5f92ebc2a6b4c,0x9ba15e48f408efde72b234f61f4c1c72884d9fbf,6.9287987078,SUCCESS,
0x213dc3f998e226923e41c0a2a3a667f1a8e367fba9f94372ffad73870686906b,0xf7b48072,2025/07/07 14:40:54,2025/07/07 06:40:54,0xd4b0fdba8c8bf7727de6b49d53e5f92ebc2a6b4c,0x99262e035ae52e4205004acf0ebec7435614a31b,5.7739986449,SUCCESS,
0x213dc3f998e226923e41c0a2a3a667f1a8e367fba9f94372ffad73870686906b,0xf7b48072,2025/07/07 14:40:54,2025/07/07 06:40:54,0xd4b0fdba8c8bf7727de6b49d53e5f92ebc2a6b4c,0x9603eb7a24bbde2661c2e0b98b45de18a9807a47,4.6191987338,SUCCESS,
0x213dc3f998e226923e41c0a2a3a667f1a8e367fba9f94372ffad73870686906b,0xf7b48072,2025/07/07 14:40:54,2025/07/07 06:40:54,0xd4b0fdba8c8bf7727de6b49d53e5f92ebc2a6b4c,0x95c3ef31d41baeb0699678ff54ba00b4fab0f10f,3.4643989441,SUCCESS,
0x213dc3f998e226923e41c0a2a3a667f1a8e367fba9f94372ffad73870686906b,0xf7b48072,2025/07/07 14:40:54,2025/07/07 06:40:54,0xd4b0fdba8c8bf7727de6b49d53e5f92ebc2a6b4c,0x956c958212ad530eec1bd9bfcfb8004cefbb051b,2.3095992455,SUCCESS,
0x213dc3f998e226923e41c0a2a3a667f1a8e367fba9f94372ffad73870686906b,0xf7b48072,2025/07/07 14:40:54,2025/07/07 06:40:54,0xd4b0fdba8c8bf7727de6b49d53e5f92ebc2a6b4c,0x92f46fb7a828d006698aa301ddd4e6b5e4e73fce,1.1547996075,SUCCESS,
0x213dc3f998e226923e41c0a2a3a667f1a8e367fba9f94372ffad73870686906b,0xf7b48072,2025/07/07 14:40:54,2025/07/07 06:40:54,0xd4b0fdba8c8bf7727de6b49d53e5f92ebc2a6b4c,0x92bc53411a58725270b05cc4b27e8aa9df7d94b6,10.3931960131,SUCCESS,
0x213dc3f998e226923e41c0a2a3a667f1a8e367fba9f94372ffad73870686906b,0xf7b48072,2025/07/07 14:40:54,2025/07/07 06:40:54,0xd4b0fdba8c8bf7727de6b49d53e5f92ebc2a6b4c,0x91c15ae0ebea5f26503e0015567645010033b9f3,9.2383957681,SUCCESS,
0x213dc3f998e226923e41c0a2a3a667f1a8e367fba9f94372ffad73870686906b,0xf7b48072,2025/07/07 14:40:54,2025/07/07 06:40:54,0xd4b0fdba8c8bf7727de6b49d53e5f92ebc2a6b4c,0x8ef1742eaf82b356993da11d684a206a35e1a270,8.0835957659,SUCCESS,
0x213dc3f998e226923e41c0a2a3a667f1a8e367fba9f94372ffad73870686906b,0xf7b48072,2025/07/07 14:40:54,2025/07/07 06:40:54,0xd4b0fdba8c8bf7727de6b49d53e5f92ebc2a6b4c,0x8bb39534f091a911f9473f4e8a171da8ec2dbfd5,6.9287959762,SUCCESS,
0x213dc3f998e226923e41c0a2a3a667f1a8e367fba9f94372ffad73870686906b,0xf7b48072,2025/07/07 14:40:54,2025/07/07 06:40:54,0xd4b0fdba8c8bf7727de6b49d53e5f92ebc2a6b4c,0x82f942b5eae73a4b2d18ad0a01a97755943d1111,6.9287956119,SUCCESS,
0x213dc3f998e226923e41c0a2a3a667f1a8e367fba9f94372ffad73870686906b,0xf7b48072,2025/07/07 14:40:54,2025/07/07 06:40:54,0xd4b0fdba8c8bf7727de6b49d53e5f92ebc2a6b4c,0x7f3189b488915634d2752406f9619c9198a89a6f,5.7739960650,SUCCESS,
0x213dc3f998e226923e41c0a2a3a667f1a8e367fba9f94372ffad73870686906b,0xf7b48072,2025/07/07 14:40:54,2025/07/07 06:40:54,0xd4b0fdba8c8bf7727de6b49d53e5f92ebc2a6b4c,0x7c4d4fbbe2d58fc5b42ef4de39b70569199bdc1d,4.6191966699,SUCCESS,
0x213dc3f998e226923e41c0a2a3a667f1a8e367fba9f94372ffad73870686906b,0xf7b48072,2025/07/07 14:40:54,2025/07/07 06:40:54,0xd4b0fdba8c8bf7727de6b49d53e5f92ebc2a6b4c,0x7ab76e61a6fa0b230f812333702c0efd9711f0e5,3.4643973962,SUCCESS,
0x213dc3f998e226923e41c0a2a3a667f1a8e367fba9f94372ffad73870686906b,0xf7b48072,2025/07/07 14:40:54,2025/07/07 06:40:54,0xd4b0fdba8c8bf7727de6b49d53e5f92ebc2a6b4c,0x77a8e5147c3ed3a3f6af6dd7aad44380b0821afd,2.3095982135,SUCCESS,
0x213dc3f998e226923e41c0a2a3a667f1a8e367fba9f94372ffad73870686906b,0xf7b48072,2025/07/07 14:40:54,2025/07/07 06:40:54,0xd4b0fdba8c8bf7727de6b49d53e5f92ebc2a6b4c,0x75f107c96146a6fb162f9530edc98f6b53723848,1.1547990916,SUCCESS,
0x213dc3f998e226923e41c0a2a3a667f1a8e367fba9f94372ffad73870686906b,0xf7b48072,2025/07/07 14:40:54,2025/07/07 06:40:54,0xd4b0fdba8c8bf7727de6b49d53e5f92ebc2a6b4c,0x6ed7f3d896da1d36b9e0647249a8dc9d7500ab76,10.3931913694,SUCCESS,
0x213dc3f998e226923e41c0a2a3a667f1a8e367fba9f94372ffad73870686906b,0xf7b48072,2025/07/07 14:40:54,2025/07/07 06:40:54,0xd4b0fdba8c8bf7727de6b49d53e5f92ebc2a6b4c,0x67bed35fb57302417d2ff915b6f02bf56472d8b7,9.2383916403,SUCCESS,
0x213dc3f998e226923e41c0a2a3a667f1a8e367fba9f94372ffad73870686906b,0xf7b48072,2025/07/07 14:40:54,2025/07/07 06:40:54,0xd4b0fdba8c8bf7727de6b49d53e5f92ebc2a6b4c,0x6581606948c7043ae2036d2ed85668903db2e553,8.0835921541,SUCCESS,
0x213dc3f998e226923e41c0a2a3a667f1a8e367fba9f94372ffad73870686906b,0xf7b48072,2025/07/07 14:40:54,2025/07/07 06:40:54,0xd4b0fdba8c8bf7727de6b49d53e5f92ebc2a6b4c,0x64f2d9f8bbd29f42a4665771682f853cbc6e6674,6.9287928803,SUCCESS,
0xb5bf9834b6ed09bccef40cc6e019bd706f9843d396815d4e5349dc0cb59088d1,0x38ed1739,2025/07/07 14:41:52,2025/07/07 06:41:52,0xd4b0fdba8c8bf7727de6b49d53e5f92ebc2a6b4c,0x60473ee37f303518c202c98d03afdd1b9baba274,6412305.6933051832,SUCCESS,"swapExactTokensForTokens(uint256 amountIn, uint256 amountOutMin, address[] path, address to, uint256 deadline)"
0x073befec1be022421fe1df9e9929193c152c478b105058cd8c9e6ceda4dc3d35,0x38ed1739,2025/07/07 14:45:29,2025/07/07 06:45:29,0xd4b0fdba8c8bf7727de6b49d53e5f92ebc2a6b4c,0x4e14377ebcc9cd4f98fe91d7132656b968a82725,5573325.4519443596,SUCCESS,"swapExactTokensForTokens(uint256 amountIn, uint256 amountOutMin, address[] path, address to, uint256 deadline)"
0x9bf07911fd04d733dc2ea89ad86574672347cc74cc9f63903f60b6b72a1a0056,0x38ed1739,2025/07/07 14:49:08,2025/07/07 06:49:08,0xd4b0fdba8c8bf7727de6b49d53e5f92ebc2a6b4c,0x7db05526c82e23bd0b0a9608e04922cf0c5ea83f,6026545.1588619417,SUCCESS,"swapExactTokensForTokens(uint256 amountIn, uint256 amountOutMin, address[] path, address to, uint256 deadline)"
0x3ec6c61f1af707058d08094a05acebe9c970e67c829ad4dd0032a44a98db7a9f,0x38ed1739,2025/07/07 14:52:46,2025/07/07 06:52:46,0xd4b0fdba8c8bf7727de6b49d53e5f92ebc2a6b4c,0xc949d11ecbb0bcf3be0afd37c5ed9345b4a743d3,5393251.9489629446,SUCCESS,"swapExactTokensForTokens(uint256 amountIn, uint256 amountOutMin, address[] path, address to, uint256 deadline)"
0xbc030dd426ef1ea0ac74fea8e10926d1db61b8c25c86719c7d9edf4741d7c4ef,0x38ed1739,2025/07/07 14:56:23,2025/07/07 06:56:23,0xd4b0fdba8c8bf7727de6b49d53e5f92ebc2a6b4c,0x577e490600a28cf441a79b18e71cfcc2d20a512c,5271640.2808641028,SUCCESS,"swapExactTokensForTokens(uint256 amountIn, uint256 amountOutMin, address[] path, address to, uint256 deadline)"
0xd5e0009d15db569521bb0cb2d9664479584364d0bea4aae7fec3eec7d7851947,0x5c11d795,2025/07/07 15:00:02,2025/07/07 07:00:02,0x60473ee37f303518c202c98d03afdd1b9baba274,0xd4b0fdba8c8bf7727de6b49d53e5f92ebc2a6b4c,6667445.0000000000,SUCCESS,"swapExactTokensForTokensSupportingFeeOnTransferTokens(uint256 amountIn, uint256 amountOutMin, address[] path, address to, uint256 deadline)"
0x76ee4f1685784c2a91750a46011dbf178f7871c3c15eb7d178306303bd2c605e,0x5c11d795,2025/07/07 15:03:41,2025/07/07 07:03:41,0x4e14377ebcc9cd4f98fe91d7132656b968a82725,0xd4b0fdba8c8bf7727de6b49d53e5f92ebc2a6b4c,8144707.0000000000,SUCCESS,"swapExactTokensForTokensSupportingFeeOnTransferTokens(uint256 amountIn, uint256 amountOutMin, address[] path, address to, uint256 deadline)"
0x0ba7ddac1cc64f92072b90d724396e806b6dc23390735690f8aee043812eb8e1,0x38ed1739,2025/07/07 15:07:20,2025/07/07 07:07:20,0xd4b0fdba8c8bf7727de6b49d53e5f92ebc2a6b4c,0x59e151251dc8b4d5ca7a4da85221ace303a5f6a2,11378278.7373032104,SUCCESS,"swapExactTokensForTokens(uint256 amountIn, uint256 amountOutMin, address[] path, address to, uint256 deadline)"
0xdf3d692f3b503796e8c3ab025da3e26fa9f094550688a1654dbf6d540257786b,0x38ed1739,2025/07/07 15:10:58,2025/07/07 07:10:58,0xd4b0fdba8c8bf7727de6b49d53e5f92ebc2a6b4c,0xc5904a4bf31cf1f5c2a00c8dd89d8a9a51fe70da,11801252.0033739526,SUCCESS,"swapExactTokensForTokens(uint256 amountIn, uint256 amountOutMin, address[] path, address to, uint256 deadline)"
0xdfa378508cd9856202e34c59ad68c0d1ed984c935379c24eb1f416611456d526,0x38ed1739,2025/07/07 15:14:35,2025/07/07 07:14:35,0xd4b0fdba8c8bf7727de6b49d53e5f92ebc2a6b4c,0x1ac23c97ff84eb3ac74e3e2f235b9e066f7b0eac,11209559.8961337265,SUCCESS,"swapExactTokensForTokens(uint256 amountIn, uint256 amountOutMin, address[] path, address to, uint256 deadline)"
0x0205f23fcb5418d80fe0bcff213793d01c8062ad80459e56499289a7edfd5f8c,0x5c11d795,2025/07/07 15:18:14,2025/07/07 07:18:14,0x7db05526c82e23bd0b0a9608e04922cf0c5ea83f,0xd4b0fdba8c8bf7727de6b49d53e5f92ebc2a6b4c,13337675.0000000000,SUCCESS,"swapExactTokensForTokensSupportingFeeOnTransferTokens(uint256 amountIn, uint256 amountOutMin, address[] path, address to, uint256 deadline)"
0xb1575e9e7425d6c3669ced1865c030d8cf43deeb7987927a5dcdcc745dc3586c,0x5c11d795,2025/07/07 15:21:53,2025/07/07 07:21:53,0xc949d11ecbb0bcf3be0afd37c5ed9345b4a743d3,0xd4b0fdba8c8bf7727de6b49d53e5f92ebc2a6b4c,12690447.0000000000,SUCCESS,"swapExactTokensForTokensSupportingFeeOnTransferTokens(uint256 amountIn, uint256 amountOutMin, address[] path, address to, uint256 deadline)"
0x82f9cc9d1b340621a2866b4d2cd266bc83fd2c8a503d10d8438d9830cc9a6eca,0x38ed1739,2025/07/07 15:25:31,2025/07/07 07:25:31,0xd4b0fdba8c8bf7727de6b49d53e5f92ebc2a6b4c,0x07621df4943b5c5dd72a2e26f039b821755ed6c8,6551109.3389415666,SUCCESS,"swapExactTokensForTokens(uint256 amountIn, uint256 amountOutMin, address[] path, address to, uint256 deadline)"
0x45eb223054371dae8a116994bb7bc851dfb1c56e7fd987e1b1fd4386f90ed5dc,0x38ed1739,2025/07/07 15:29:08,2025/07/07 07:29:08,0xd4b0fdba8c8bf7727de6b49d53e5f92ebc2a6b4c,0x3fbb7a8ca4134b5d40cbc15412c1857976810e22,4575520.3943082690,SUCCESS,"swapExactTokensForTokens(uint256 amountIn, uint256 amountOutMin, address[] path, address to, uint256 deadline)"
0x9f81515741e632412f01b2d33473fdf32d22abbe926b0455c7ad4544b9f49fde,0x5c11d795,2025/07/07 15:32:47,2025/07/07 07:32:47,0x577e490600a28cf441a79b18e71cfcc2d20a512c,0xd4b0fdba8c8bf7727de6b49d53e5f92ebc2a6b4c,17920334.0000000000,SUCCESS,"swapExactTokensForTokensSupportingFeeOnTransferTokens(uint256 amountIn, uint256 amountOutMin, address[] path, address to, uint256 deadline)"
0xa99f98c027ac891d4af8ac82137c6ae33ee5b50e9fbc20d703e761790d3c6cb9,0x5c11d795,2025/07/07 15:36:26,2025/07/07 07:36:26,0x59e151251dc8b4d5ca7a4da85221ace303a5f6a2,0xd4b0fdba8c8bf7727de6b49d53e5f92ebc2a6b4c,20956604.0000000000,SUCCESS,"swapExactTokensForTokensSupportingFeeOnTransferTokens(uint256 amountIn, uint256 amountOutMin, address[] path, address to, uint256 deadline)"
0x858cf6faeb28c87d6c919a1f0c110be65a2fa515e45f781591f9f195ae013287,0x38ed1739,2025/07/07 15:40:04,2025/07/07 07:40:04,0xd4b0fdba8c8bf7727de6b49d53e5f92ebc2a6b4c,0x8335fd838b42e2ba14a7b6c0cedddc64bda85f35,8481604.6458798368,SUCCESS,"swapExactTokensForTokens(uint256 amountIn, uint256 amountOutMin, address[] path, address to, uint256 deadline)"
0xcbf711412c988206f6b572d347e673fce92b4be34e460cc648e723a5198ff52a,0x5c11d795,2025/07/07 15:43:41,2025/07/07 07:43:41,0xc5904a4bf31cf1f5c2a00c8dd89d8a9a51fe70da,0xd4b0fdba8c8bf7727de6b49d53e5f92ebc2a6b4c,14047456.0000000000,SUCCESS,"swapExactTokensForTokensSupportingFeeOnTransferTokens(uint256 amountIn, uint256 amountOutMin, address[] path, address to, uint256 deadline)"
0x8e8067726e005235c9c0d6ac15cf130f8f8422a7008b7cebae30af36fadda365,0x5c11d795,2025/07/07 15:47:19,2025/07/07 07:47:19,0x1ac23c97ff84eb3ac74e3e2f235b9e066f7b0eac,0xd4b0fdba8c8bf7727de6b49d53e5f92ebc2a6b4c,16594182.0000000000,SUCCESS,"swapExactTokensForTokensSupportingFeeOnTransferTokens(uint256 amountIn, uint256 amountOutMin, address[] path, address to, uint256 deadline)"
0xe58691fa20785e32fd11f158d435e27927b4d56a0307f2a1be8e3b288d91abec,0x38ed1739,2025/07/07 15:50:56,2025/07/07 07:50:56,0xd4b0fdba8c8bf7727de6b49d53e5f92ebc2a6b4c,0xc50bb7b92d2a7fb795f465770f0c16b0ab54d04b,7498642.8176165977,SUCCESS,"swapExactTokensForTokens(uint256 amountIn, uint256 amountOutMin, address[] path, address to, uint256 deadline)"
0x57761886e690ad226b559a241392f9dcd1efd209d4dd3e6785653852f1b5c716,0x38ed1739,2025/07/07 15:54:34,2025/07/07 07:54:34,0xd4b0fdba8c8bf7727de6b49d53e5f92ebc2a6b4c,0x91ef78fcde527a74ee640b61ff0bfa1fd7192d69,6580419.7820135187,SUCCESS,"swapExactTokensForTokens(uint256 amountIn, uint256 amountOutMin, address[] path, address to, uint256 deadline)"
0x1a97d0bbbe526c23ed1ca456f61011ec0e474115f11a90f0b3349dc1ae1dc480,0x38ed1739,2025/07/07 15:58:11,2025/07/07 07:58:11,0xd4b0fdba8c8bf7727de6b49d53e5f92ebc2a6b4c,0x24b3e2c1348c4f38d980af545c4b3312911f722e,6792467.2907430362,SUCCESS,"swapExactTokensForTokens(uint256 amountIn, uint256 amountOutMin, address[] path, address to, uint256 deadline)"
0xecc6ad577d2484e5926380353631c8f58e614b36bbfe067e8c2853a650e0ce0c,0x5c11d795,2025/07/07 16:01:50,2025/07/07 08:01:50,0x07621df4943b5c5dd72a2e26f039b821755ed6c8,0xd4b0fdba8c8bf7727de6b49d53e5f92ebc2a6b4c,6551109.3389415666,SUCCESS,"swapExactTokensForTokensSupportingFeeOnTransferTokens(uint256 amountIn, uint256 amountOutMin, address[] path, address to, uint256 deadline)"
0x13d31be309a2ee8547158e3d9f557cc55249d9ac12153cbc2c69e4d00882a71f,0x5c11d795,2025/07/07 16:05:29,2025/07/07 08:05:29,0x3fbb7a8ca4134b5d40cbc15412c1857976810e22,0xd4b0fdba8c8bf7727de6b49d53e5f92ebc2a6b4c,4575520.3943082690,SUCCESS,"swapExactTokensForTokensSupportingFeeOnTransferTokens(uint256 amountIn, uint256 amountOutMin, address[] path, address to, uint256 deadline)"
0x61570d4cc56ac26a837710c5700609275b562342f95ce1808f19aa11c40a6ec8,0x38ed1739,2025/07/07 16:09:07,2025/07/07 08:09:07,0xd4b0fdba8c8bf7727de6b49d53e5f92ebc2a6b4c,0x5f3836b88f7b8a81fcc04ea3523d64a8449022fe,8390139.7508099787,SUCCESS,"swapExactTokensForTokens(uint256 amountIn, uint256 amountOutMin, address[] path, address to, uint256 deadline)"
0x47afd43a24bf48297579f2f878b1acde6bd39c7952f41a1135a90ae0590cbba2,0x38ed1739,2025/07/07 16:12:45,2025/07/07 08:12:45,0xd4b0fdba8c8bf7727de6b49d53e5f92ebc2a6b4c,0x862733687bf5a6bff6d325fcb33874f507455d53,7444132.9799512336,SUCCESS,"swapExactTokensForTokens(uint256 amountIn, uint256 amountOutMin, address[] path, address to, uint256 deadline)"
0x57b6300d94139a1cf2f755538fffb34d308a3dee39a2111e61351a9b192e5db4,0x38ed1739,2025/07/07 16:16:23,2025/07/07 08:16:23,0xd4b0fdba8c8bf7727de6b49d53e5f92ebc2a6b4c,0x7a2fd39472482ad3d58ae47ab07ff077b4b0cfbf,7861988.3802399039,SUCCESS,"swapExactTokensForTokens(uint256 amountIn, uint256 amountOutMin, address[] path, address to, uint256 deadline)"
0x0c963f2dd877bb1f4c43a701443ff7926b0916587e82ad0f2533e34baebcb8af,0x38ed1739,2025/07/07 16:20:01,2025/07/07 08:20:01,0xd4b0fdba8c8bf7727de6b49d53e5f92ebc2a6b4c,0x0c31d6b71b70d8bc009dac4c1c49fe9864398252,7936299.8397787083,SUCCESS,"swapExactTokensForTokens(uint256 amountIn, uint256 amountOutMin, address[] path, address to, uint256 deadline)"
0x0ed83b46d5b1fa72b462e2a86bac9bb93687ac33ea338a58e6966cfd06115ded,0x38ed1739,2025/07/07 16:23:39,2025/07/07 08:23:39,0xd4b0fdba8c8bf7727de6b49d53e5f92ebc2a6b4c,0x0acbe14334f1002dabdeb804cd525539841ad110,6545690.6390392492,SUCCESS,"swapExactTokensForTokens(uint256 amountIn, uint256 amountOutMin, address[] path, address to, uint256 deadline)"
0x7891d9a16a135ebdc507ed5f631c7fa8f8c9ec7a37727163ccaf8c062b1300ad,0x38ed1739,2025/07/07 16:27:17,2025/07/07 08:27:17,0xd4b0fdba8c8bf7727de6b49d53e5f92ebc2a6b4c,0x5aeb64a74a701367c94108394829785595dfab1e,8099848.4350978574,SUCCESS,"swapExactTokensForTokens(uint256 amountIn, uint256 amountOutMin, address[] path, address to, uint256 deadline)"
0xcb0f3afe6d02882437d9796d664095950988a6c68b6c6d40672185e1a88f88be,0x38ed1739,2025/07/07 16:30:55,2025/07/07 08:30:55,0xd4b0fdba8c8bf7727de6b49d53e5f92ebc2a6b4c,0x838e5bd21cd5ce15734bf8796deeae4e7e54dda9,7176002.7418930717,SUCCESS,"swapExactTokensForTokens(uint256 amountIn, uint256 amountOutMin, address[] path, address to, uint256 deadline)"
0xdc9954b0f0eeab05988c2179ce8c0f1f1eeb8a098b1c886f80d3f24264572f4c,0x5c11d795,2025/07/07 16:34:35,2025/07/07 08:34:35,0x8335fd838b42e2ba14a7b6c0cedddc64bda85f35,0xd4b0fdba8c8bf7727de6b49d53e5f92ebc2a6b4c,8481604.6458798368,SUCCESS,"swapExactTokensForTokensSupportingFeeOnTransferTokens(uint256 amountIn, uint256 amountOutMin, address[] path, address to, uint256 deadline)"
0x320766a5811c3f15725e68bbfa533a6b0758a0e395587d93088f9fd5b5718520,0x5c11d795,2025/07/07 16:38:14,2025/07/07 08:38:14,0xc50bb7b92d2a7fb795f465770f0c16b0ab54d04b,0xd4b0fdba8c8bf7727de6b49d53e5f92ebc2a6b4c,7498642.8176165977,SUCCESS,"swapExactTokensForTokensSupportingFeeOnTransferTokens(uint256 amountIn, uint256 amountOutMin, address[] path, address to, uint256 deadline)"
0x2019437e53b0f344d6b7436b30210431caa7121e954e2077b54d7294ec70cb8d,0x38ed1739,2025/07/07 16:41:53,2025/07/07 08:41:53,0xd4b0fdba8c8bf7727de6b49d53e5f92ebc2a6b4c,0xc31e4c4fb0a7e4ef97c07e7604e91200be86a3d9,6655994.5922333403,SUCCESS,"swapExactTokensForTokens(uint256 amountIn, uint256 amountOutMin, address[] path, address to, uint256 deadline)"
0x039b9f6432b53b91f92309f9f78979ac0c778a03747a8d11df3a5151ef23767b,0x38ed1739,2025/07/07 16:45:30,2025/07/07 08:45:30,0xd4b0fdba8c8bf7727de6b49d53e5f92ebc2a6b4c,0x0375f424b6286f3900f8c39d65fc47153f574995,5756891.0283694267,SUCCESS,"swapExactTokensForTokens(uint256 amountIn, uint256 amountOutMin, address[] path, address to, uint256 deadline)"
0xba8afea8b7cd35b0e8f0f004a69278636638c81f2cf4946a35d1b184c37d42b6,0x38ed1739,2025/07/07 16:49:08,2025/07/07 08:49:08,0xd4b0fdba8c8bf7727de6b49d53e5f92ebc2a6b4c,0x5d85319b5f2f5510839047373348011b02f7a5b0,4425462.7148968345,SUCCESS,"swapExactTokensForTokens(uint256 amountIn, uint256 amountOutMin, address[] path, address to, uint256 deadline)"
0xdab9dc741c5895b48a3b370d894f5cc79d1ad44a0d33b377a0e85432ed5cbdc9,0x38ed1739,2025/07/07 16:52:46,2025/07/07 08:52:46,0xd4b0fdba8c8bf7727de6b49d53e5f92ebc2a6b4c,0x29b8776d484e04e59cc2d509f7b1ac1f86038723,4386434.7151476173,SUCCESS,"swapExactTokensForTokens(uint256 amountIn, uint256 amountOutMin, address[] path, address to, uint256 deadline)"
0x8dd83958b52f1fff03c8d1f9a70233061f9a6f7a7c995d30f98d1abed46a4141,0x38ed1739,2025/07/07 16:56:24,2025/07/07 08:56:24,0xd4b0fdba8c8bf7727de6b49d53e5f92ebc2a6b4c,0xda4008b666ab6b4b2742e2c9127284f349edb4e1,4460936.3692206861,SUCCESS,"swapExactTokensForTokens(uint256 amountIn, uint256 amountOutMin, address[] path, address to, uint256 deadline)"
0xb6f1f30f0cdf9863fc6c572eae27ad14bf90f9f9a687b8beda77ce10c0ca7203,0x5c11d795,2025/07/07 17:00:03,2025/07/07 09:00:03,0x91ef78fcde527a74ee640b61ff0bfa1fd7192d69,0xd4b0fdba8c8bf7727de6b49d53e5f92ebc2a6b4c,6580419.7820135187,SUCCESS,"swapExactTokensForTokensSupportingFeeOnTransferTokens(uint256 amountIn, uint256 amountOutMin, address[] path, address to, uint256 deadline)"
0xca8570320647eb9d5a575269f56d9286f7d6407d9f9f674c6666e06acbdfa101,0x5c11d795,2025/07/07 17:03:40,2025/07/07 09:03:40,0x24b3e2c1348c4f38d980af545c4b3312911f722e,0xd4b0fdba8c8bf7727de6b49d53e5f92ebc2a6b4c,6692072.0000000000,SUCCESS,"swapExactTokensForTokensSupportingFeeOnTransferTokens(uint256 amountIn, uint256 amountOutMin, address[] path, address to, uint256 deadline)"
0x11e303b00cf67a857c402b3c0af991a0699546eb3cf6e47e6d465047d89bbb8c,0x38ed1739,2025/07/07 17:07:18,2025/07/07 09:07:18,0xd4b0fdba8c8bf7727de6b49d53e5f92ebc2a6b4c,0x0f7d730f5ef1f680300d803d9f9e4b60876d91bb,10012873.5980492048,SUCCESS,"swapExactTokensForTokens(uint256 amountIn, uint256 amountOutMin, address[] path, address to, uint256 deadline)"
0x601ae22a3ec1549d94e8a8ff41661ef08b0fb20beb58b5f870821663d5173d3a,0x38ed1739,2025/07/07 17:10:56,2025/07/07 09:10:56,0xd4b0fdba8c8bf7727de6b49d53e5f92ebc2a6b4c,0xf5e72e70f947839091f54d9e57275c144f0a0a92,10274489.4897312112,SUCCESS,"swapExactTokensForTokens(uint256 amountIn, uint256 amountOutMin, address[] path, address to, uint256 deadline)"
0x16f3ee4b52b85c54bd399ecba3c238081be40a71b48e73492329ef7ffc78ef71,0x38ed1739,2025/07/07 17:14:34,2025/07/07 09:14:34,0xd4b0fdba8c8bf7727de6b49d53e5f92ebc2a6b4c,0x86f85983a155a7876ce4236e89843ee0680a01c8,8818561.9045914523,SUCCESS,"swapExactTokensForTokens(uint256 amountIn, uint256 amountOutMin, address[] path, address to, uint256 deadline)"
0xaa30466e142d6fb679732657a64e49b3929e5a41c7abd6822c4b4df3708c2eec,0x5c11d795,2025/07/07 17:18:12,2025/07/07 09:18:12,0x5f3836b88f7b8a81fcc04ea3523d64a8449022fe,0xd4b0fdba8c8bf7727de6b49d53e5f92ebc2a6b4c,8390139.7508099787,SUCCESS,"swapExactTokensForTokensSupportingFeeOnTransferTokens(uint256 amountIn, uint256 amountOutMin, address[] path, address to, uint256 deadline)"
0x4a91ef553826192c7b532ebab3cbfcbded5ba260a535f2a3ac0dbdfeb4b14675,0x5c11d795,2025/07/07 17:21:50,2025/07/07 09:21:50,0x862733687bf5a6bff6d325fcb33874f507455d53,0xd4b0fdba8c8bf7727de6b49d53e5f92ebc2a6b4c,7444132.9799512336,SUCCESS,"swapExactTokensForTokensSupportingFeeOnTransferTokens(uint256 amountIn, uint256 amountOutMin, address[] path, address to, uint256 deadline)"
0x4f3ee0a353e37804e039e6faff3e6f7e23c80a3e30f0e941a0b76f274df1817e,0x38ed1739,2025/07/07 17:25:27,2025/07/07 09:25:27,0xd4b0fdba8c8bf7727de6b49d53e5f92ebc2a6b4c,0x857e6f41fdef7b38fd66e274cb0d692c5312b23e,6925457.1125146532,SUCCESS,"swapExactTokensForTokens(uint256 amountIn, uint256 amountOutMin, address[] path, address to, uint256 deadline)"
0x335843770a9605fff7faf8d71ed30cf5477f0801ea45477641281f63b68c8f03,0x38ed1739,2025/07/07 17:29:05,2025/07/07 09:29:05,0xd4b0fdba8c8bf7727de6b49d53e5f92ebc2a6b4c,0x83eafc9fae8821a8d6854d8a660d2d58b9701437,4624016.9116111388,SUCCESS,"swapExactTokensForTokens(uint256 amountIn, uint256 amountOutMin, address[] path, address to, uint256 deadline)"
0x74db2ad790cb44b7cac2bf414d1161f1de74da364651ec05e34366ecd6fec0db,0x5c11d795,2025/07/07 17:32:44,2025/07/07 09:32:44,0x7a2fd39472482ad3d58ae47ab07ff077b4b0cfbf,0xd4b0fdba8c8bf7727de6b49d53e5f92ebc2a6b4c,7861988.3802399039,SUCCESS,"swapExactTokensForTokensSupportingFeeOnTransferTokens(uint256 amountIn, uint256 amountOutMin, address[] path, address to, uint256 deadline)"
0xce68c8c09b730972b42c4809f72881eef7fb9292496eef493de004127b979c26,0x5c11d795,2025/07/07 17:36:23,2025/07/07 09:36:23,0x0c31d6b71b70d8bc009dac4c1c49fe9864398252,0xd4b0fdba8c8bf7727de6b49d53e5f92ebc2a6b4c,7936299.8397787083,SUCCESS,"swapExactTokensForTokensSupportingFeeOnTransferTokens(uint256 amountIn, uint256 amountOutMin, address[] path, address to, uint256 deadline)"
0x6055ec9b1fc283965830d8f56afe42e97ac0fe1262524f1ab084322df2ddfac2,0x38ed1739,2025/07/07 17:40:01,2025/07/07 09:40:01,0xd4b0fdba8c8bf7727de6b49d53e5f92ebc2a6b4c,0xa2adbe4c364d42427871191a0c0c37d894ff25ad,7042052.3150356244,SUCCESS,"swapExactTokensForTokens(uint256 amountIn, uint256 amountOutMin, address[] path, address to, uint256 deadline)"
0xeffcb2968bc74f8b801216309d85b5c0630a938650acb489c7ca0bf919b4a9ea,0x5c11d795,2025/07/07 17:43:41,2025/07/07 09:43:41,0x0acbe14334f1002dabdeb804cd525539841ad110,0xd4b0fdba8c8bf7727de6b49d53e5f92ebc2a6b4c,6545690.6390392492,SUCCESS,"swapExactTokensForTokensSupportingFeeOnTransferTokens(uint256 amountIn, uint256 amountOutMin, address[] path, address to, uint256 deadline)"
0x57c1511b4818a4fede8719b50af305ffd6b01f5b3d5c56f51bc838e872a5ae75,0x5c11d795,2025/07/07 17:47:20,2025/07/07 09:47:20,0x5aeb64a74a701367c94108394829785595dfab1e,0xd4b0fdba8c8bf7727de6b49d53e5f92ebc2a6b4c,8099848.4350978574,SUCCESS,"swapExactTokensForTokensSupportingFeeOnTransferTokens(uint256 amountIn, uint256 amountOutMin, address[] path, address to, uint256 deadline)"
0xe5cb97b75c2f1e1f199a345b550c6466554275da4d317c74d7e33768b726b26a,0x38ed1739,2025/07/07 17:50:59,2025/07/07 09:50:59,0xd4b0fdba8c8bf7727de6b49d53e5f92ebc2a6b4c,0xfb6efea2932f4a3528b13324b92a9b25f13fda00,4632710.9258196102,SUCCESS,"swapExactTokensForTokens(uint256 amountIn, uint256 amountOutMin, address[] path, address to, uint256 deadline)"
0x4b0bb5347336df840271610f281a2531d1489f75f3bc2b7298306d52c7fd41b1,0x38ed1739,2025/07/07 17:54:36,2025/07/07 09:54:36,0xd4b0fdba8c8bf7727de6b49d53e5f92ebc2a6b4c,0x2d55d54468d6a69c414cf757750bcf33dfff13d6,5338656.1353650279,SUCCESS,"swapExactTokensForTokens(uint256 amountIn, uint256 amountOutMin, address[] path, address to, uint256 deadline)"
0xcfc22874e8b25beb134b7fc341cd2390da2ba2024ef9db9dc585f1752511e9cb,0x38ed1739,2025/07/07 17:58:14,2025/07/07 09:58:14,0xd4b0fdba8c8bf7727de6b49d53e5f92ebc2a6b4c,0xee3a348effc66dce57616e8281ded5276056c0dc,4207623.7133178329,SUCCESS,"swapExactTokensForTokens(uint256 amountIn, uint256 amountOutMin, address[] path, address to, uint256 deadline)"
0xdbe4fc932485e07c337c3041d5db194ef9f2549585f74e7e353b1270537ea363,0x5c11d795,2025/07/07 18:01:53,2025/07/07 10:01:53,0x838e5bd21cd5ce15734bf8796deeae4e7e54dda9,0xd4b0fdba8c8bf7727de6b49d53e5f92ebc2a6b4c,7176002.7418930717,SUCCESS,"swapExactTokensForTokensSupportingFeeOnTransferTokens(uint256 amountIn, uint256 amountOutMin, address[] path, address to, uint256 deadline)"
0x6d5e3c9201aa6f42b50d6204eb8037c9b8fa7d36b17f33eca8c0ac8abe2f65da,0x5c11d795,2025/07/07 18:05:32,2025/07/07 10:05:32,0xc31e4c4fb0a7e4ef97c07e7604e91200be86a3d9,0xd4b0fdba8c8bf7727de6b49d53e5f92ebc2a6b4c,6655994.5922333403,SUCCESS,"swapExactTokensForTokensSupportingFeeOnTransferTokens(uint256 amountIn, uint256 amountOutMin, address[] path, address to, uint256 deadline)"
0x4fe9ecf0db68253c54ae20ccfee518dc3eedd6a7e6ce3e0498171f9df11d5cd8,0x38ed1739,2025/07/07 18:09:11,2025/07/07 10:09:11,0xd4b0fdba8c8bf7727de6b49d53e5f92ebc2a6b4c,0xa4a3542d926052a508306c103abbc68f63bb76f9,4857446.8531883191,SUCCESS,"swapExactTokensForTokens(uint256 amountIn, uint256 amountOutMin, address[] path, address to, uint256 deadline)"
0x2508e8b48a6d0b82802d67a5bf7c7549db8d9f51d7e3459cbcf88613af2b1678,0x38ed1739,2025/07/07 18:12:49,2025/07/07 10:12:49,0xd4b0fdba8c8bf7727de6b49d53e5f92ebc2a6b4c,0xb05ef72acbfdd64766c30afb97c05c37c7e63d2e,4768945.4018189367,SUCCESS,"swapExactTokensForTokens(uint256 amountIn, uint256 amountOutMin, address[] path, address to, uint256 deadline)"
0x28de86b4b5b2c62e96236117140b0adcc4eda3ecd28a7c09cc375fb6256be393,0x38ed1739,2025/07/07 18:16:26,2025/07/07 10:16:26,0xd4b0fdba8c8bf7727de6b49d53e5f92ebc2a6b4c,0xddf98f434c2052cc4c065314750b48448c05101c,4942311.1382424962,SUCCESS,"swapExactTokensForTokens(uint256 amountIn, uint256 amountOutMin, address[] path, address to, uint256 deadline)"
0xaed7f38026c9965e544e1b53605d1e43a37f4b29f23704bde9978ecd8ee2dd2a,0x38ed1739,2025/07/07 18:20:05,2025/07/07 10:20:05,0xd4b0fdba8c8bf7727de6b49d53e5f92ebc2a6b4c,0xa32874c3d4bb1471a09d8a95f0a19002ec1e2e10,4395386.7561214073,SUCCESS,"swapExactTokensForTokens(uint256 amountIn, uint256 amountOutMin, address[] path, address to, uint256 deadline)"
0x4402d9be8b795e4f99e6e492062bcc441c1a7571484c91b21269f06e979f22cd,0x38ed1739,2025/07/07 18:23:43,2025/07/07 10:23:43,0xd4b0fdba8c8bf7727de6b49d53e5f92ebc2a6b4c,0x427c5bc7c2f7add6ffd291789f6204afda1de28e,6136408.3777055824,SUCCESS,"swapExactTokensForTokens(uint256 amountIn, uint256 amountOutMin, address[] path, address to, uint256 deadline)"
0xa4eb08c51a85c3b7e3f06545746c0f6de736b5cfaf90652c6e519efd83e5a894,0x38ed1739,2025/07/07 18:27:20,2025/07/07 10:27:20,0xd4b0fdba8c8bf7727de6b49d53e5f92ebc2a6b4c,0x3a9193e542e4148b54fe3cee18a32c9227f5e1b1,3886593.5877080201,SUCCESS,"swapExactTokensForTokens(uint256 amountIn, uint256 amountOutMin, address[] path, address to, uint256 deadline)"
0x50dadd3c2bba3dee3dbe409270f57a45aa17a5e585e83cc5aa0b43134bb81031,0x38ed1739,2025/07/07 18:30:59,2025/07/07 10:30:59,0xd4b0fdba8c8bf7727de6b49d53e5f92ebc2a6b4c,0xbbf2f96699c3c47443f5fca1444278dcd9d6e375,4274437.4598608762,SUCCESS,"swapExactTokensForTokens(uint256 amountIn, uint256 amountOutMin, address[] path, address to, uint256 deadline)"
0x3bf8d88c4cccbd121c55788614177d6d7cc5e7a61643bd8ae61c571e884918b3,0x5c11d795,2025/07/07 18:34:37,2025/07/07 10:34:37,0x0375f424b6286f3900f8c39d65fc47153f574995,0xd4b0fdba8c8bf7727de6b49d53e5f92ebc2a6b4c,5756891.0283694267,SUCCESS,"swapExactTokensForTokensSupportingFeeOnTransferTokens(uint256 amountIn, uint256 amountOutMin, address[] path, address to, uint256 deadline)"
0x7d1a931971a6f9cd12bdd844a9a48994c5f4b20241a467dac2b66e1897d64731,0x5c11d795,2025/07/07 18:38:16,2025/07/07 10:38:16,0x5d85319b5f2f5510839047373348011b02f7a5b0,0xd4b0fdba8c8bf7727de6b49d53e5f92ebc2a6b4c,4425462.7148968345,SUCCESS,"swapExactTokensForTokensSupportingFeeOnTransferTokens(uint256 amountIn, uint256 amountOutMin, address[] path, address to, uint256 deadline)"
0x8cc02dd529e9669dd4149056d4bf84b492c6b42a0fc2bdfb0d35ec053f62d4b8,0x38ed1739,2025/07/07 18:41:53,2025/07/07 10:41:53,0xd4b0fdba8c8bf7727de6b49d53e5f92ebc2a6b4c,0xa848afdd6b11c4d80f5ed6f65a53882c128bd3cf,4566085.3801346300,SUCCESS,"swapExactTokensForTokens(uint256 amountIn, uint256 amountOutMin, address[] path, address to, uint256 deadline)"
0x5e5d4435c6d99783ee4fa51c53235eb1cd101c42d789edae6d48c870954c7290,0x38ed1739,2025/07/07 18:45:31,2025/07/07 10:45:31,0xd4b0fdba8c8bf7727de6b49d53e5f92ebc2a6b4c,0x55373448334eefa5b3c9911556dd862f5da75376,4299558.9519112622,SUCCESS,"swapExactTokensForTokens(uint256 amountIn, uint256 amountOutMin, address[] path, address to, uint256 deadline)"
0x0821c451202889e826c2d41bc14154fa2edb814d087e23405b892e743a66cb0a,0x38ed1739,2025/07/07 18:49:09,2025/07/07 10:49:09,0xd4b0fdba8c8bf7727de6b49d53e5f92ebc2a6b4c,0x025f9f5ad801aa5256234a14debbe44fd173cd8e,3193736.9945643628,SUCCESS,"swapExactTokensForTokens(uint256 amountIn, uint256 amountOutMin, address[] path, address to, uint256 deadline)"
0x947c7fb01d1a2c05d1c53c794f089bd2b76174de20cee4c0ad7bd37f9f97587a,0x38ed1739,2025/07/07 18:52:47,2025/07/07 10:52:47,0xd4b0fdba8c8bf7727de6b49d53e5f92ebc2a6b4c,0xa6d34c4f699304087cf31d4fc458a5d0a13108ad,4016044.7284773355,SUCCESS,"swapExactTokensForTokens(uint256 amountIn, uint256 amountOutMin, address[] path, address to, uint256 deadline)"
0xa2b1063df6ff55cc0367ecd6b050c391104d3710540e80b86f89523f6057393e,0x38ed1739,2025/07/07 18:56:26,2025/07/07 10:56:26,0xd4b0fdba8c8bf7727de6b49d53e5f92ebc2a6b4c,0xc096065ec8de47456d1176705d6f9a14b51fb9c2,3233426.6564398813,SUCCESS,"swapExactTokensForTokens(uint256 amountIn, uint256 amountOutMin, address[] path, address to, uint256 deadline)"
0x063a4ceab368a9490742dcd9c3c41867f9bd98e545821386ce32d534831fbe5d,0x5c11d795,2025/07/07 19:00:04,2025/07/07 11:00:04,0x29b8776d484e04e59cc2d509f7b1ac1f86038723,0xd4b0fdba8c8bf7727de6b49d53e5f92ebc2a6b4c,3506301.0000000000,SUCCESS,"swapExactTokensForTokensSupportingFeeOnTransferTokens(uint256 amountIn, uint256 amountOutMin, address[] path, address to, uint256 deadline)"
0x98c136dd58f68148e4763de8f4b06e13b4a1c564d24f5fafe476e1d952711843,0x5c11d795,2025/07/07 19:03:41,2025/07/07 11:03:41,0xda4008b666ab6b4b2742e2c9127284f349edb4e1,0xd4b0fdba8c8bf7727de6b49d53e5f92ebc2a6b4c,3574225.0000000000,SUCCESS,"swapExactTokensForTokensSupportingFeeOnTransferTokens(uint256 amountIn, uint256 amountOutMin, address[] path, address to, uint256 deadline)"
0x99650c7a66fcc90cfc28ca03d45891e164acfc511631c70f44956763d54f9429,0x38ed1739,2025/07/07 19:07:18,2025/07/07 11:07:18,0xd4b0fdba8c8bf7727de6b49d53e5f92ebc2a6b4c,0x60473ee37f303518c202c98d03afdd1b9baba274,7938374.7453548498,SUCCESS,"swapExactTokensForTokens(uint256 amountIn, uint256 amountOutMin, address[] path, address to, uint256 deadline)"
0xaa02d9e99a51acda4e0dc3ea796a66d881b7f34e8173d3d12ae6cc414691e662,0x38ed1739,2025/07/07 19:10:56,2025/07/07 11:10:56,0xd4b0fdba8c8bf7727de6b49d53e5f92ebc2a6b4c,0x4e14377ebcc9cd4f98fe91d7132656b968a82725,7337148.1417324543,SUCCESS,"swapExactTokensForTokens(uint256 amountIn, uint256 amountOutMin, address[] path, address to, uint256 deadline)"
0x3666b9851ac9d3d7af5cd048b61bedc02fb404250f01f26f3b04a9fd4979c612,0x38ed1739,2025/07/07 19:14:33,2025/07/07 11:14:33,0xd4b0fdba8c8bf7727de6b49d53e5f92ebc2a6b4c,0x7db05526c82e23bd0b0a9608e04922cf0c5ea83f,6235519.5149969291,SUCCESS,"swapExactTokensForTokens(uint256 amountIn, uint256 amountOutMin, address[] path, address to, uint256 deadline)"
0x917d4379dcb8fac2187f2615982c313820d649139fc0543d1193cae605381f97,0x5c11d795,2025/07/07 19:18:10,2025/07/07 11:18:10,0x0f7d730f5ef1f680300d803d9f9e4b60876d91bb,0xd4b0fdba8c8bf7727de6b49d53e5f92ebc2a6b4c,6869199.0000000000,SUCCESS,"swapExactTokensForTokensSupportingFeeOnTransferTokens(uint256 amountIn, uint256 amountOutMin, address[] path, address to, uint256 deadline)"
0x4634127200ce68cb40399ea93b1caa67f7fe076b64c2e9a5cc6631e5a77a0b14,0x5c11d795,2025/07/07 19:21:49,2025/07/07 11:21:49,0xf5e72e70f947839091f54d9e57275c144f0a0a92,0xd4b0fdba8c8bf7727de6b49d53e5f92ebc2a6b4c,9570085.0000000000,SUCCESS,"swapExactTokensForTokensSupportingFeeOnTransferTokens(uint256 amountIn, uint256 amountOutMin, address[] path, address to, uint256 deadline)"
0x09f75d25a9c6fa23f4d9bbae72c735dad49e80ae319293ee4bae22e84415ac8f,0x38ed1739,2025/07/07 19:25:27,2025/07/07 11:25:27,0xd4b0fdba8c8bf7727de6b49d53e5f92ebc2a6b4c,0xc949d11ecbb0bcf3be0afd37c5ed9345b4a743d3,3039335.2273903433,SUCCESS,"swapExactTokensForTokens(uint256 amountIn, uint256 amountOutMin, address[] path, address to, uint256 deadline)"
0xcea31a321dec2db3177d723cf1f14cc5110b1e61e3f6982d73d2238a6b7a301d,0x38ed1739,2025/07/07 19:29:03,2025/07/07 11:29:03,0xd4b0fdba8c8bf7727de6b49d53e5f92ebc2a6b4c,0x577e490600a28cf441a79b18e71cfcc2d20a512c,3997930.4911703751,SUCCESS,"swapExactTokensForTokens(uint256 amountIn, uint256 amountOutMin, address[] path, address to, uint256 deadline)"
0xca66a2f3be0f32d9c8fedc8482faf57ea5dc67fcf1bc7277891810992acbc2f7,0x5c11d795,2025/07/07 19:32:41,2025/07/07 11:32:41,0x86f85983a155a7876ce4236e89843ee0680a01c8,0xd4b0fdba8c8bf7727de6b49d53e5f92ebc2a6b4c,8818561.9045914523,SUCCESS,"swapExactTokensForTokensSupportingFeeOnTransferTokens(uint256 amountIn, uint256 amountOutMin, address[] path, address to, uint256 deadline)"
0xa8b13e63e47a3731fad542cfa35299a6eb54a85ce27d4b18bcc8c62c82d431b0,0x5c11d795,2025/07/07 19:36:19,2025/07/07 11:36:19,0x857e6f41fdef7b38fd66e274cb0d692c5312b23e,0xd4b0fdba8c8bf7727de6b49d53e5f92ebc2a6b4c,6925457.1125146532,SUCCESS,"swapExactTokensForTokensSupportingFeeOnTransferTokens(uint256 amountIn, uint256 amountOutMin, address[] path, address to, uint256 deadline)"
0xf0d67cdbfd609e3b01f8239c53e580f2036149104cfa8191274421abb8d4b7d4,0x38ed1739,2025/07/07 19:39:56,2025/07/07 11:39:56,0xd4b0fdba8c8bf7727de6b49d53e5f92ebc2a6b4c,0x59e151251dc8b4d5ca7a4da85221ace303a5f6a2,4372712.8547493024,SUCCESS,"swapExactTokensForTokens(uint256 amountIn, uint256 amountOutMin, address[] path, address to, uint256 deadline)"
0xa94c5d572ee5d9496c0c3f0f8ef56b9938ac877b651d615142e010c09295d4ad,0x5c11d795,2025/07/07 19:43:34,2025/07/07 11:43:34,0x83eafc9fae8821a8d6854d8a660d2d58b9701437,0xd4b0fdba8c8bf7727de6b49d53e5f92ebc2a6b4c,4624016.9116111388,SUCCESS,"swapExactTokensForTokensSupportingFeeOnTransferTokens(uint256 amountIn, uint256 amountOutMin, address[] path, address to, uint256 deadline)"
0x93e1ae2d9eba6c7ffe37fa0e0988e52581e6ff130a84ad1695622056a31c7722,0x5c11d795,2025/07/07 19:47:12,2025/07/07 11:47:12,0xa2adbe4c364d42427871191a0c0c37d894ff25ad,0xd4b0fdba8c8bf7727de6b49d53e5f92ebc2a6b4c,7042052.3150356244,SUCCESS,"swapExactTokensForTokensSupportingFeeOnTransferTokens(uint256 amountIn, uint256 amountOutMin, address[] path, address to, uint256 deadline)"
0xaf78215f0f38230f4050d768efcb4c993df47cd6669017be70061ff6facfba95,0x38ed1739,2025/07/07 19:50:50,2025/07/07 11:50:50,0xd4b0fdba8c8bf7727de6b49d53e5f92ebc2a6b4c,0xc5904a4bf31cf1f5c2a00c8dd89d8a9a51fe70da,3976198.5516598369,SUCCESS,"swapExactTokensForTokens(uint256 amountIn, uint256 amountOutMin, address[] path, address to, uint256 deadline)"
0x4be722acfdce5589350c3aed9640322891078c5246b52af1fa559c5eaef2cb3f,0x38ed1739,2025/07/07 19:54:26,2025/07/07 11:54:26,0xd4b0fdba8c8bf7727de6b49d53e5f92ebc2a6b4c,0x1ac23c97ff84eb3ac74e3e2f235b9e066f7b0eac,3799486.8799578184,SUCCESS,"swapExactTokensForTokens(uint256 amountIn, uint256 amountOutMin, address[] path, address to, uint256 deadline)"
0x0e31fadf323cf7d4a12e27c6177ef7cff575ad454ecec18eb082b6052634407e,0x38ed1739,2025/07/07 19:58:03,2025/07/07 11:58:03,0xd4b0fdba8c8bf7727de6b49d53e5f92ebc2a6b4c,0x07621df4943b5c5dd72a2e26f039b821755ed6c8,4378281.4944140408,SUCCESS,"swapExactTokensForTokens(uint256 amountIn, uint256 amountOutMin, address[] path, address to, uint256 deadline)"
0x1b3d261ccb9294e0243b33cc5f557c28311bb81bae4d94af004eb2b44d43b7d6,0x5c11d795,2025/07/07 20:01:41,2025/07/07 12:01:41,0xfb6efea2932f4a3528b13324b92a9b25f13fda00,0xd4b0fdba8c8bf7727de6b49d53e5f92ebc2a6b4c,4632710.9258196102,SUCCESS,"swapExactTokensForTokensSupportingFeeOnTransferTokens(uint256 amountIn, uint256 amountOutMin, address[] path, address to, uint256 deadline)"
0x487c12137a642404840a458316078631104669c904446f3b844ebc0125b8f8da,0x5c11d795,2025/07/07 20:05:20,2025/07/07 12:05:20,0x2d55d54468d6a69c414cf757750bcf33dfff13d6,0xd4b0fdba8c8bf7727de6b49d53e5f92ebc2a6b4c,5338656.1353650279,SUCCESS,"swapExactTokensForTokensSupportingFeeOnTransferTokens(uint256 amountIn, uint256 amountOutMin, address[] path, address to, uint256 deadline)"
0xa2a35ca880be7ae5d45a0f545c43e453b752a1cf77bea607614a5c6ed3568a6e,0x38ed1739,2025/07/07 20:08:57,2025/07/07 12:08:57,0xd4b0fdba8c8bf7727de6b49d53e5f92ebc2a6b4c,0x3fbb7a8ca4134b5d40cbc15412c1857976810e22,3925585.6810936779,SUCCESS,"swapExactTokensForTokens(uint256 amountIn, uint256 amountOutMin, address[] path, address to, uint256 deadline)"
0x3f8ced0dbb73ea2bbd6527079b7799410314d4e72692ad40949e1c98ca911c4c,0x38ed1739,2025/07/07 20:12:34,2025/07/07 12:12:34,0xd4b0fdba8c8bf7727de6b49d53e5f92ebc2a6b4c,0x8335fd838b42e2ba14a7b6c0cedddc64bda85f35,5688959.2583454857,SUCCESS,"swapExactTokensForTokens(uint256 amountIn, uint256 amountOutMin, address[] path, address to, uint256 deadline)"
0x46a30aa50681de560d31460da53e8be385ebba9a6fbaf468e320c1a460a60820,0x38ed1739,2025/07/07 20:16:11,2025/07/07 12:16:11,0xd4b0fdba8c8bf7727de6b49d53e5f92ebc2a6b4c,0xc50bb7b92d2a7fb795f465770f0c16b0ab54d04b,4054515.9907386736,SUCCESS,"swapExactTokensForTokens(uint256 amountIn, uint256 amountOutMin, address[] path, address to, uint256 deadline)"
0xba8fa56fbcbe5dae3fc48410cc810f34dc947d3664006184acdff25bb2ab3eac,0x38ed1739,2025/07/07 20:19:48,2025/07/07 12:19:48,0xd4b0fdba8c8bf7727de6b49d53e5f92ebc2a6b4c,0x91ef78fcde527a74ee640b61ff0bfa1fd7192d69,3534753.4361355398,SUCCESS,"swapExactTokensForTokens(uint256 amountIn, uint256 amountOutMin, address[] path, address to, uint256 deadline)"
0x4e0819d4c591281cf1ec9d563b67db84ab87144c7fe48a379758540398013727,0x38ed1739,2025/07/07 20:23:25,2025/07/07 12:23:25,0xd4b0fdba8c8bf7727de6b49d53e5f92ebc2a6b4c,0x24b3e2c1348c4f38d980af545c4b3312911f722e,4511356.6580889821,SUCCESS,"swapExactTokensForTokens(uint256 amountIn, uint256 amountOutMin, address[] path, address to, uint256 deadline)"
0x58c1f3acfe4287d09bd6b8b8696cfbf61c0e05f5748e0e121f1b560ebfa9dba2,0x38ed1739,2025/07/07 20:27:02,2025/07/07 12:27:02,0xd4b0fdba8c8bf7727de6b49d53e5f92ebc2a6b4c,0x5f3836b88f7b8a81fcc04ea3523d64a8449022fe,4247568.3876861986,SUCCESS,"swapExactTokensForTokens(uint256 amountIn, uint256 amountOutMin, address[] path, address to, uint256 deadline)"
0x61940aadfc037383e256d1f9b049dc43d5c3a7af700f88b29aa7ad821c0bf71a,0x38ed1739,2025/07/07 20:30:38,2025/07/07 12:30:38,0xd4b0fdba8c8bf7727de6b49d53e5f92ebc2a6b4c,0x862733687bf5a6bff6d325fcb33874f507455d53,3730850.5524825556,SUCCESS,"swapExactTokensForTokens(uint256 amountIn, uint256 amountOutMin, address[] path, address to, uint256 deadline)"
0xe21ed12dcc07e6d03b98b880919fca3178bb5e1bc6f2334b953dccbc80c0366c,0x5c11d795,2025/07/07 20:34:17,2025/07/07 12:34:17,0xee3a348effc66dce57616e8281ded5276056c0dc,0xd4b0fdba8c8bf7727de6b49d53e5f92ebc2a6b4c,4207623.7133178329,SUCCESS,"swapExactTokensForTokensSupportingFeeOnTransferTokens(uint256 amountIn, uint256 amountOutMin, address[] path, address to, uint256 deadline)"
0x58a13255e55450733364e30e6f60316f628a3d5a604f271a2b0695f1be5be400,0x5c11d795,2025/07/07 20:37:56,2025/07/07 12:37:56,0xa4a3542d926052a508306c103abbc68f63bb76f9,0xd4b0fdba8c8bf7727de6b49d53e5f92ebc2a6b4c,4857446.8531883191,SUCCESS,"swapExactTokensForTokensSupportingFeeOnTransferTokens(uint256 amountIn, uint256 amountOutMin, address[] path, address to, uint256 deadline)"
0x218d1a80d1d331ead92d65bc42604a4cba8abc5e6c21b0737951590a08f23231,0x38ed1739,2025/07/07 20:41:32,2025/07/07 12:41:32,0xd4b0fdba8c8bf7727de6b49d53e5f92ebc2a6b4c,0x7a2fd39472482ad3d58ae47ab07ff077b4b0cfbf,3365134.2293071314,SUCCESS,"swapExactTokensForTokens(uint256 amountIn, uint256 amountOutMin, address[] path, address to, uint256 deadline)"
0x163c7b4e3ceeee826f6967c0c9c505c08cd58274b7a84a7d082c6bbcaa1fb61b,0x38ed1739,2025/07/07 20:45:09,2025/07/07 12:45:09,0xd4b0fdba8c8bf7727de6b49d53e5f92ebc2a6b4c,0x0c31d6b71b70d8bc009dac4c1c49fe9864398252,3059417.3509544739,SUCCESS,"swapExactTokensForTokens(uint256 amountIn, uint256 amountOutMin, address[] path, address to, uint256 deadline)"
0xb811ffea023318a7791f716a2423deb5f27b780a5831597f01ccc5a3c92805f2,0x38ed1739,2025/07/07 20:48:46,2025/07/07 12:48:46,0xd4b0fdba8c8bf7727de6b49d53e5f92ebc2a6b4c,0x0acbe14334f1002dabdeb804cd525539841ad110,2690970.5015287288,SUCCESS,"swapExactTokensForTokens(uint256 amountIn, uint256 amountOutMin, address[] path, address to, uint256 deadline)"
0x81e15903c7dd8e8675ad1920d224a2837b02a5d9a5fff9d9271df8246883bacc,0x38ed1739,2025/07/07 20:52:23,2025/07/07 12:52:23,0xd4b0fdba8c8bf7727de6b49d53e5f92ebc2a6b4c,0x5aeb64a74a701367c94108394829785595dfab1e,2804011.0792630971,SUCCESS,"swapExactTokensForTokens(uint256 amountIn, uint256 amountOutMin, address[] path, address to, uint256 deadline)"
0xd344042872823a29dd62fc5d9f69edf4b8d6af9d947c0af5ec630c94bfdc87ff,0x38ed1739,2025/07/07 20:55:59,2025/07/07 12:55:59,0xd4b0fdba8c8bf7727de6b49d53e5f92ebc2a6b4c,0x838e5bd21cd5ce15734bf8796deeae4e7e54dda9,2946055.4793960531,SUCCESS,"swapExactTokensForTokens(uint256 amountIn, uint256 amountOutMin, address[] path, address to, uint256 deadline)"
0x0631cc3bc9445ba01ba3abf78dfc7c017cd1bef1ae2e3f98c0de3c4194ebb7dd,0x5c11d795,2025/07/07 20:59:37,2025/07/07 12:59:37,0xb05ef72acbfdd64766c30afb97c05c37c7e63d2e,0xd4b0fdba8c8bf7727de6b49d53e5f92ebc2a6b4c,3855003.0000000000,SUCCESS,"swapExactTokensForTokensSupportingFeeOnTransferTokens(uint256 amountIn, uint256 amountOutMin, address[] path, address to, uint256 deadline)"
0x57939d6bf30e88cd3da09ab191e4dc0160e0ae49c603aeb1bebbeaa3b7fed408,0x5c11d795,2025/07/07 21:03:15,2025/07/07 13:03:15,0xddf98f434c2052cc4c065314750b48448c05101c,0xd4b0fdba8c8bf7727de6b49d53e5f92ebc2a6b4c,3726734.0000000000,SUCCESS,"swapExactTokensForTokensSupportingFeeOnTransferTokens(uint256 amountIn, uint256 amountOutMin, address[] path, address to, uint256 deadline)"
0xf862cbab597d10ac96732be82d16bd2cc9a1a6cd83cb6138346e90a890c0ec21,0x38ed1739,2025/07/07 21:06:52,2025/07/07 13:06:52,0xd4b0fdba8c8bf7727de6b49d53e5f92ebc2a6b4c,0xc31e4c4fb0a7e4ef97c07e7604e91200be86a3d9,5780435.5507197743,SUCCESS,"swapExactTokensForTokens(uint256 amountIn, uint256 amountOutMin, address[] path, address to, uint256 deadline)"
0xd8da92c8a31f4520548f9e23bd13ae927a70141e633dc95bfdbed852a4c40cae,0x38ed1739,2025/07/07 21:10:29,2025/07/07 13:10:29,0xd4b0fdba8c8bf7727de6b49d53e5f92ebc2a6b4c,0x0375f424b6286f3900f8c39d65fc47153f574995,5972174.3852919620,SUCCESS,"swapExactTokensForTokens(uint256 amountIn, uint256 amountOutMin, address[] path, address to, uint256 deadline)"
0x5fcc16f3ec8b8032da2ce3c91a932acc852c03eaf93ab83b744369c6c07a5061,0x38ed1739,2025/07/07 21:14:05,2025/07/07 13:14:05,0xd4b0fdba8c8bf7727de6b49d53e5f92ebc2a6b4c,0x5d85319b5f2f5510839047373348011b02f7a5b0,5393525.7211874630,SUCCESS,"swapExactTokensForTokens(uint256 amountIn, uint256 amountOutMin, address[] path, address to, uint256 deadline)"
0x7195896d84a663565e9bae521f72acd2b7ea543d1e5e4781d6c8424967cd7cca,0x5c11d795,2025/07/07 21:17:45,2025/07/07 13:17:45,0xa32874c3d4bb1471a09d8a95f0a19002ec1e2e10,0xd4b0fdba8c8bf7727de6b49d53e5f92ebc2a6b4c,4395386.7561214073,SUCCESS,"swapExactTokensForTokensSupportingFeeOnTransferTokens(uint256 amountIn, uint256 amountOutMin, address[] path, address to, uint256 deadline)"
0xaa4756a5c61a41774b9a98744c20680e8ef93ad1eac4d8fd8b8a29c3d02cffba,0x5c11d795,2025/07/07 21:21:23,2025/07/07 13:21:23,0x427c5bc7c2f7add6ffd291789f6204afda1de28e,0xd4b0fdba8c8bf7727de6b49d53e5f92ebc2a6b4c,5590023.0000000000,SUCCESS,"swapExactTokensForTokensSupportingFeeOnTransferTokens(uint256 amountIn, uint256 amountOutMin, address[] path, address to, uint256 deadline)"
0xd24158e9bd9e24ee179fd60b5e3da44052697d2603c787f3fb47eaf95f86b529,0x38ed1739,2025/07/07 21:25:00,2025/07/07 13:25:00,0xd4b0fdba8c8bf7727de6b49d53e5f92ebc2a6b4c,0x29b8776d484e04e59cc2d509f7b1ac1f86038723,4526349.9603280351,SUCCESS,"swapExactTokensForTokens(uint256 amountIn, uint256 amountOutMin, address[] path, address to, uint256 deadline)"
0x1d062e36150bfff7ec2e7148d1aac66a4ebb5c3bbd121577078a93e66971f54c,0x38ed1739,2025/07/07 21:28:37,2025/07/07 13:28:37,0xd4b0fdba8c8bf7727de6b49d53e5f92ebc2a6b4c,0xda4008b666ab6b4b2742e2c9127284f349edb4e1,2712390.9637892526,SUCCESS,"swapExactTokensForTokens(uint256 amountIn, uint256 amountOutMin, address[] path, address to, uint256 deadline)"
0xa7c18c9a317e68895e7474ac2a4c9ff77caf646b283493a1ff2c838aadc55712,0x5c11d795,2025/07/07 21:32:14,2025/07/07 13:32:14,0x3a9193e542e4148b54fe3cee18a32c9227f5e1b1,0xd4b0fdba8c8bf7727de6b49d53e5f92ebc2a6b4c,3886593.5877080201,SUCCESS,"swapExactTokensForTokensSupportingFeeOnTransferTokens(uint256 amountIn, uint256 amountOutMin, address[] path, address to, uint256 deadline)"
0x7071e2569ad2d0c101194cd3c11fcdf2cd90cb382a27e7532f20a5c261c47f37,0x5c11d795,2025/07/07 21:35:54,2025/07/07 13:35:54,0xbbf2f96699c3c47443f5fca1444278dcd9d6e375,0xd4b0fdba8c8bf7727de6b49d53e5f92ebc2a6b4c,4274437.4598608762,SUCCESS,"swapExactTokensForTokensSupportingFeeOnTransferTokens(uint256 amountIn, uint256 amountOutMin, address[] path, address to, uint256 deadline)"
0x85e2834b190c44f775e982bef902b5e0c4bb09e44092d00f10b8ad35979d5e06,0x38ed1739,2025/07/07 21:39:32,2025/07/07 13:39:32,0xd4b0fdba8c8bf7727de6b49d53e5f92ebc2a6b4c,0x0f7d730f5ef1f680300d803d9f9e4b60876d91bb,4256125.3591701817,SUCCESS,"swapExactTokensForTokens(uint256 amountIn, uint256 amountOutMin, address[] path, address to, uint256 deadline)"
0xf6e1ce898f27100c23d940da0b602949624d18b08985ced4cdaf59096770856f,0x5c11d795,2025/07/07 21:43:09,2025/07/07 13:43:09,0xa848afdd6b11c4d80f5ed6f65a53882c128bd3cf,0xd4b0fdba8c8bf7727de6b49d53e5f92ebc2a6b4c,4566085.3801346300,SUCCESS,"swapExactTokensForTokensSupportingFeeOnTransferTokens(uint256 amountIn, uint256 amountOutMin, address[] path, address to, uint256 deadline)"
0xabcee1064985f2eecdee7a83c2c9516706ccf896ac4fcfd8ce2212ba38351fe9,0x5c11d795,2025/07/07 21:46:47,2025/07/07 13:46:47,0x55373448334eefa5b3c9911556dd862f5da75376,0xd4b0fdba8c8bf7727de6b49d53e5f92ebc2a6b4c,4299558.9519112622,SUCCESS,"swapExactTokensForTokensSupportingFeeOnTransferTokens(uint256 amountIn, uint256 amountOutMin, address[] path, address to, uint256 deadline)"
0x47112196f5b4a9f21b7402cbf42bcbbb0f2f4b5cf39dcfa3e3f586008d85b430,0x38ed1739,2025/07/07 21:50:23,2025/07/07 13:50:23,0xd4b0fdba8c8bf7727de6b49d53e5f92ebc2a6b4c,0xf5e72e70f947839091f54d9e57275c144f0a0a92,3191804.3286535726,SUCCESS,"swapExactTokensForTokens(uint256 amountIn, uint256 amountOutMin, address[] path, address to, uint256 deadline)"
0x22376f14ceb41b6149622cb35bbc25609960b3666750389567986118fa75c1ba,0x38ed1739,2025/07/07 21:54:00,2025/07/07 13:54:00,0xd4b0fdba8c8bf7727de6b49d53e5f92ebc2a6b4c,0x86f85983a155a7876ce4236e89843ee0680a01c8,3069817.9004267324,SUCCESS,"swapExactTokensForTokens(uint256 amountIn, uint256 amountOutMin, address[] path, address to, uint256 deadline)"
0xa971037b2c77ec20a6d8d55ceabd8035e6b1f18d8a99fb9d8d86f6af0312f2cd,0x38ed1739,2025/07/07 21:57:37,2025/07/07 13:57:37,0xd4b0fdba8c8bf7727de6b49d53e5f92ebc2a6b4c,0x857e6f41fdef7b38fd66e274cb0d692c5312b23e,3036875.6730476827,SUCCESS,"swapExactTokensForTokens(uint256 amountIn, uint256 amountOutMin, address[] path, address to, uint256 deadline)"
0x9e24f80a03a66c2f59cc680aa3ee6093d5181f15acbe2b87209ac5401cb73690,0x5c11d795,2025/07/07 22:01:15,2025/07/07 14:01:15,0x025f9f5ad801aa5256234a14debbe44fd173cd8e,0xd4b0fdba8c8bf7727de6b49d53e5f92ebc2a6b4c,3193736.9945643628,SUCCESS,"swapExactTokensForTokensSupportingFeeOnTransferTokens(uint256 amountIn, uint256 amountOutMin, address[] path, address to, uint256 deadline)"
0x6732eba357ffe4a89da8c213f711f08ceb4dab8ee1fa041b6a83194fc8fdbf3e,0x5c11d795,2025/07/07 22:04:54,2025/07/07 14:04:54,0xa6d34c4f699304087cf31d4fc458a5d0a13108ad,0xd4b0fdba8c8bf7727de6b49d53e5f92ebc2a6b4c,4016044.7284773355,SUCCESS,"swapExactTokensForTokensSupportingFeeOnTransferTokens(uint256 amountIn, uint256 amountOutMin, address[] path, address to, uint256 deadline)"
0x5c2acb9254952cee127e8e683bbddf3f89cfab563f71eec3ed171c8729da5008,0x38ed1739,2025/07/07 22:08:31,2025/07/07 14:08:31,0xd4b0fdba8c8bf7727de6b49d53e5f92ebc2a6b4c,0x83eafc9fae8821a8d6854d8a660d2d58b9701437,3761206.1446687756,SUCCESS,"swapExactTokensForTokens(uint256 amountIn, uint256 amountOutMin, address[] path, address to, uint256 deadline)"
0xb246e34590d35b90e07ed5039eea1a82823a51c39b68615c23ec7c4c923227ca,0x38ed1739,2025/07/07 22:12:08,2025/07/07 14:12:08,0xd4b0fdba8c8bf7727de6b49d53e5f92ebc2a6b4c,0xa2adbe4c364d42427871191a0c0c37d894ff25ad,2500576.5298995040,SUCCESS,"swapExactTokensForTokens(uint256 amountIn, uint256 amountOutMin, address[] path, address to, uint256 deadline)"
0xfb023dda2c2865523b5523abcdd7172faeb1ecba3390c7f39f20f5b0bac38e97,0x38ed1739,2025/07/07 22:15:45,2025/07/07 14:15:45,0xd4b0fdba8c8bf7727de6b49d53e5f92ebc2a6b4c,0xfb6efea2932f4a3528b13324b92a9b25f13fda00,3622861.6091772914,SUCCESS,"swapExactTokensForTokens(uint256 amountIn, uint256 amountOutMin, address[] path, address to, uint256 deadline)"
0x99b155520a1ca92fb0e5586694eeedd5e62c2ec4a0b5816347ff12012974e22d,0x38ed1739,2025/07/07 22:19:23,2025/07/07 14:19:23,0xd4b0fdba8c8bf7727de6b49d53e5f92ebc2a6b4c,0x2d55d54468d6a69c414cf757750bcf33dfff13d6,2443331.5322278487,SUCCESS,"swapExactTokensForTokens(uint256 amountIn, uint256 amountOutMin, address[] path, address to, uint256 deadline)"
0x841418bd8239337c0074e90d88dc0a4327dbf7b8ebcfd499698be3c7f311647a,0x38ed1739,2025/07/07 22:23:00,2025/07/07 14:23:00,0xd4b0fdba8c8bf7727de6b49d53e5f92ebc2a6b4c,0xee3a348effc66dce57616e8281ded5276056c0dc,2140562.5506060440,SUCCESS,"swapExactTokensForTokens(uint256 amountIn, uint256 amountOutMin, address[] path, address to, uint256 deadline)"
0x0e93b5bde12b06ef8ba786d507cece4a7f54dd18c423f9ed1f9e398d2ad39166,0x38ed1739,2025/07/07 22:26:37,2025/07/07 14:26:37,0xd4b0fdba8c8bf7727de6b49d53e5f92ebc2a6b4c,0xa4a3542d926052a508306c103abbc68f63bb76f9,3181098.1503179190,SUCCESS,"swapExactTokensForTokens(uint256 amountIn, uint256 amountOutMin, address[] path, address to, uint256 deadline)"
0xbf21568e5f467315bb08555a48be06255c3c913403e5f2012a7c588a2da71879,0x38ed1739,2025/07/07 22:30:14,2025/07/07 14:30:14,0xd4b0fdba8c8bf7727de6b49d53e5f92ebc2a6b4c,0xb05ef72acbfdd64766c30afb97c05c37c7e63d2e,3174231.8501459262,SUCCESS,"swapExactTokensForTokens(uint256 amountIn, uint256 amountOutMin, address[] path, address to, uint256 deadline)"
0xe00c3d750a1f6a48d5572b280df5f7ceb8f0110315dbfa78eb70bbeb30b6e882,0x5c11d795,2025/07/07 22:37:20,2025/07/07 14:37:20,0x60473ee37f303518c202c98d03afdd1b9baba274,0xd4b0fdba8c8bf7727de6b49d53e5f92ebc2a6b4c,4489427.0000000000,SUCCESS,"swapExactTokensForTokensSupportingFeeOnTransferTokens(uint256 amountIn, uint256 amountOutMin, address[] path, address to, uint256 deadline)"
0x8751e475b71c2940c670ab6215114b0c3f2794394d7c10ec98df3562319bd515,0x38ed1739,2025/07/07 22:40:56,2025/07/07 14:40:56,0xd4b0fdba8c8bf7727de6b49d53e5f92ebc2a6b4c,0xddf98f434c2052cc4c065314750b48448c05101c,2204890.7427461585,SUCCESS,"swapExactTokensForTokens(uint256 amountIn, uint256 amountOutMin, address[] path, address to, uint256 deadline)"
0x2eec5242afbb699ad64609ae4d9bb529301c17b45c986526fae745b793f14e98,0x38ed1739,2025/07/07 22:44:33,2025/07/07 14:44:33,0xd4b0fdba8c8bf7727de6b49d53e5f92ebc2a6b4c,0xa32874c3d4bb1471a09d8a95f0a19002ec1e2e10,2309764.9443249633,SUCCESS,"swapExactTokensForTokens(uint256 amountIn, uint256 amountOutMin, address[] path, address to, uint256 deadline)"
0x9511f54513503d76518b4dff39d5cc6df6c8ffded4ee4c9dc0bb157efecc7967,0x38ed1739,2025/07/07 22:48:11,2025/07/07 14:48:11,0xd4b0fdba8c8bf7727de6b49d53e5f92ebc2a6b4c,0x427c5bc7c2f7add6ffd291789f6204afda1de28e,2535070.2144604563,SUCCESS,"swapExactTokensForTokens(uint256 amountIn, uint256 amountOutMin, address[] path, address to, uint256 deadline)"
0x288f49e26a28e8e68da14d4680336b6968682e2e30ac2f7d921978fbebb9629c,0x38ed1739,2025/07/07 22:51:48,2025/07/07 14:51:48,0xd4b0fdba8c8bf7727de6b49d53e5f92ebc2a6b4c,0x3a9193e542e4148b54fe3cee18a32c9227f5e1b1,1998107.9694961542,SUCCESS,"swapExactTokensForTokens(uint256 amountIn, uint256 amountOutMin, address[] path, address to, uint256 deadline)"
0x36b6cc16e1dedf8347e64ed35345e1d9999833d75e85abadbae41a7fe51e1fd5,0x38ed1739,2025/07/07 22:55:25,2025/07/07 14:55:25,0xd4b0fdba8c8bf7727de6b49d53e5f92ebc2a6b4c,0xbbf2f96699c3c47443f5fca1444278dcd9d6e375,2378497.7820806885,SUCCESS,"swapExactTokensForTokens(uint256 amountIn, uint256 amountOutMin, address[] path, address to, uint256 deadline)"
0x8d6090f2188b2af07c9a3509e8fdc2f7f86bea388ab8a69a5e632bbd077c3efa,0x5c11d795,2025/07/07 22:58:59,2025/07/07 14:58:59,0x4e14377ebcc9cd4f98fe91d7132656b968a82725,0xd4b0fdba8c8bf7727de6b49d53e5f92ebc2a6b4c,2352795.0000000000,SUCCESS,"swapExactTokensForTokensSupportingFeeOnTransferTokens(uint256 amountIn, uint256 amountOutMin, address[] path, address to, uint256 deadline)"
0x55882b09d1e177afab4f47a04a55a2b40f7ad115802da3040d261ab4cfdcb982,0x5c11d795,2025/07/07 23:02:32,2025/07/07 15:02:32,0x7db05526c82e23bd0b0a9608e04922cf0c5ea83f,0xd4b0fdba8c8bf7727de6b49d53e5f92ebc2a6b4c,2865552.0000000000,SUCCESS,"swapExactTokensForTokensSupportingFeeOnTransferTokens(uint256 amountIn, uint256 amountOutMin, address[] path, address to, uint256 deadline)"
0x54488f84d51d526c5364f0d6f2c1b8d1dcf76c38f0752a12ceb7bf225e672ee2,0x38ed1739,2025/07/07 23:06:08,2025/07/07 15:06:08,0xd4b0fdba8c8bf7727de6b49d53e5f92ebc2a6b4c,0xa848afdd6b11c4d80f5ed6f65a53882c128bd3cf,4242234.3594713816,SUCCESS,"swapExactTokensForTokens(uint256 amountIn, uint256 amountOutMin, address[] path, address to, uint256 deadline)"
0xdfcc24749af06c5597da4356d9c166a0ae660eac43b0f9d0e9b436f9dca281ea,0x38ed1739,2025/07/07 23:09:45,2025/07/07 15:09:45,0xd4b0fdba8c8bf7727de6b49d53e5f92ebc2a6b4c,0x55373448334eefa5b3c9911556dd862f5da75376,4671412.7528738640,SUCCESS,"swapExactTokensForTokens(uint256 amountIn, uint256 amountOutMin, address[] path, address to, uint256 deadline)"
0xb87ba7cd3264ed3b60e68ec264640f9aae101a427c9227dcf21b27a7a2ae3c38,0x38ed1739,2025/07/07 23:13:22,2025/07/07 15:13:22,0xd4b0fdba8c8bf7727de6b49d53e5f92ebc2a6b4c,0x025f9f5ad801aa5256234a14debbe44fd173cd8e,3774172.6379844020,SUCCESS,"swapExactTokensForTokens(uint256 amountIn, uint256 amountOutMin, address[] path, address to, uint256 deadline)"
0x32354c728c93d06516cb6ad7b0600aa2676d64a2b4682667d1065bc89a02cb72,0x5c11d795,2025/07/07 23:16:56,2025/07/07 15:16:56,0xc949d11ecbb0bcf3be0afd37c5ed9345b4a743d3,0xd4b0fdba8c8bf7727de6b49d53e5f92ebc2a6b4c,3976142.0000000000,SUCCESS,"swapExactTokensForTokensSupportingFeeOnTransferTokens(uint256 amountIn, uint256 amountOutMin, address[] path, address to, uint256 deadline)"
0x3eac7a2fe49013f1056325b9af60f1d8e8afa23cafba2bd38d6745be027d55dd,0x5c11d795,2025/07/07 23:20:29,2025/07/07 15:20:29,0x577e490600a28cf441a79b18e71cfcc2d20a512c,0xd4b0fdba8c8bf7727de6b49d53e5f92ebc2a6b4c,5090055.0000000000,SUCCESS,"swapExactTokensForTokensSupportingFeeOnTransferTokens(uint256 amountIn, uint256 amountOutMin, address[] path, address to, uint256 deadline)"
0x46a04fea179e2d57fdeba0e8ce54746d589456d6c00b2d95f876f4f0acf64226,0x38ed1739,2025/07/07 23:24:07,2025/07/07 15:24:07,0xd4b0fdba8c8bf7727de6b49d53e5f92ebc2a6b4c,0xa6d34c4f699304087cf31d4fc458a5d0a13108ad,2157541.1273904960,SUCCESS,"swapExactTokensForTokens(uint256 amountIn, uint256 amountOutMin, address[] path, address to, uint256 deadline)"
0x3936f3ab14712a0a4ce1b8bc1862b3edad538557b908fa2cb863f1e28cf800e3,0x38ed1739,2025/07/07 23:27:44,2025/07/07 15:27:44,0xd4b0fdba8c8bf7727de6b49d53e5f92ebc2a6b4c,0xc096065ec8de47456d1176705d6f9a14b51fb9c2,2546504.5181892142,SUCCESS,"swapExactTokensForTokens(uint256 amountIn, uint256 amountOutMin, address[] path, address to, uint256 deadline)"
0xf2daf2b5c1787c68e1b0b1bd3c97b4c55b1c48ed036e4015052fba46e3237270,0x5c11d795,2025/07/07 23:31:17,2025/07/07 15:31:17,0x59e151251dc8b4d5ca7a4da85221ace303a5f6a2,0xd4b0fdba8c8bf7727de6b49d53e5f92ebc2a6b4c,4313425.0000000000,SUCCESS,"swapExactTokensForTokensSupportingFeeOnTransferTokens(uint256 amountIn, uint256 amountOutMin, address[] path, address to, uint256 deadline)"
0xc703bec59893668669b426c6ea568a71c128d507cc270b75304eacd2516e1d82,0x5c11d795,2025/07/07 23:34:51,2025/07/07 15:34:51,0xc5904a4bf31cf1f5c2a00c8dd89d8a9a51fe70da,0xd4b0fdba8c8bf7727de6b49d53e5f92ebc2a6b4c,7626132.0000000000,SUCCESS,"swapExactTokensForTokensSupportingFeeOnTransferTokens(uint256 amountIn, uint256 amountOutMin, address[] path, address to, uint256 deadline)"
0x323d9f61200955df8aa46152180b91f703dccba1d3b41e7eada5366079fb8e07,0x38ed1739,2025/07/07 23:38:28,2025/07/07 15:38:28,0xd4b0fdba8c8bf7727de6b49d53e5f92ebc2a6b4c,0x60473ee37f303518c202c98d03afdd1b9baba274,2438950.9563941560,SUCCESS,"swapExactTokensForTokens(uint256 amountIn, uint256 amountOutMin, address[] path, address to, uint256 deadline)"
0x01df6d76c195b6194647b94ab5970c2000021800a46824f8714274f8c7f38def,0x5c11d795,2025/07/07 23:42:02,2025/07/07 15:42:02,0x1ac23c97ff84eb3ac74e3e2f235b9e066f7b0eac,0xd4b0fdba8c8bf7727de6b49d53e5f92ebc2a6b4c,4849258.0000000000,SUCCESS,"swapExactTokensForTokensSupportingFeeOnTransferTokens(uint256 amountIn, uint256 amountOutMin, address[] path, address to, uint256 deadline)"
0x2bf8d00d5c7c3af4ed0d20e3a57c5fd1ba887ac5cb7cb79ee761da7325c2faa1,0x5c11d795,2025/07/07 23:45:35,2025/07/07 15:45:35,0x07621df4943b5c5dd72a2e26f039b821755ed6c8,0xd4b0fdba8c8bf7727de6b49d53e5f92ebc2a6b4c,4378281.4944140408,SUCCESS,"swapExactTokensForTokensSupportingFeeOnTransferTokens(uint256 amountIn, uint256 amountOutMin, address[] path, address to, uint256 deadline)"
0xfc2cd005c8f53971e6ac5a363b675316e933a06568b630fa638e5b1cd3002e91,0x38ed1739,2025/07/07 23:49:11,2025/07/07 15:49:11,0xd4b0fdba8c8bf7727de6b49d53e5f92ebc2a6b4c,0x4e14377ebcc9cd4f98fe91d7132656b968a82725,2526494.6870036586,SUCCESS,"swapExactTokensForTokens(uint256 amountIn, uint256 amountOutMin, address[] path, address to, uint256 deadline)"
0x9c22d49068cd8eb665cfa338011989b4188b2f44840e69234dd15c0f79297daa,0x38ed1739,2025/07/07 23:52:48,2025/07/07 15:52:48,0xd4b0fdba8c8bf7727de6b49d53e5f92ebc2a6b4c,0x7db05526c82e23bd0b0a9608e04922cf0c5ea83f,2355598.9946724018,SUCCESS,"swapExactTokensForTokens(uint256 amountIn, uint256 amountOutMin, address[] path, address to, uint256 deadline)"
0x53047991251684586ca3cc83ef9df71e2eac65e7a65f6af03aedc9a5735f28bf,0x38ed1739,2025/07/07 23:56:25,2025/07/07 15:56:25,0xd4b0fdba8c8bf7727de6b49d53e5f92ebc2a6b4c,0xc949d11ecbb0bcf3be0afd37c5ed9345b4a743d3,2328510.6416313606,SUCCESS,"swapExactTokensForTokens(uint256 amountIn, uint256 amountOutMin, address[] path, address to, uint256 deadline)"
0x9cf8d1c315266cdce5eadfce62eca84e7f18c342382ed858b84d0e3b7786950a,0x5c11d795,2025/07/07 23:59:58,2025/07/07 15:59:58,0x3fbb7a8ca4134b5d40cbc15412c1857976810e22,0xd4b0fdba8c8bf7727de6b49d53e5f92ebc2a6b4c,3925585.6810936779,SUCCESS,"swapExactTokensForTokensSupportingFeeOnTransferTokens(uint256 amountIn, uint256 amountOutMin, address[] path, address to, uint256 deadline)"
0xe7c2bd8bff0da47935a9299c7dbd92454da8d9255cfabc5589e5b6efc5cfbec6,0x5c11d795,2025/07/08 00:03:31,2025/07/07 16:03:31,0x8335fd838b42e2ba14a7b6c0cedddc64bda85f35,0xd4b0fdba8c8bf7727de6b49d53e5f92ebc2a6b4c,4562999.0000000000,SUCCESS,"swapExactTokensForTokensSupportingFeeOnTransferTokens(uint256 amountIn, uint256 amountOutMin, address[] path, address to, uint256 deadline)"
0xab520f1b2eb69821057313f796be8999a8b183395b639b9ee8ef72f5e659f64d,0x38ed1739,2025/07/08 00:07:08,2025/07/07 16:07:08,0xd4b0fdba8c8bf7727de6b49d53e5f92ebc2a6b4c,0x577e490600a28cf441a79b18e71cfcc2d20a512c,2649407.4414761430,SUCCESS,"swapExactTokensForTokens(uint256 amountIn, uint256 amountOutMin, address[] path, address to, uint256 deadline)"
0xf6c890c5288fd3b09593f2be5aae6965b246c538137739f30645d9a1d96bcc97,0x38ed1739,2025/07/08 00:10:46,2025/07/07 16:10:46,0xd4b0fdba8c8bf7727de6b49d53e5f92ebc2a6b4c,0x59e151251dc8b4d5ca7a4da85221ace303a5f6a2,3195872.3379331729,SUCCESS,"swapExactTokensForTokens(uint256 amountIn, uint256 amountOutMin, address[] path, address to, uint256 deadline)"
0xc63c5b9320fb58102e3cdd39556ec07c67f66a4aa56c180a65e1823310b24f1d,0x38ed1739,2025/07/08 00:14:23,2025/07/07 16:14:23,0xd4b0fdba8c8bf7727de6b49d53e5f92ebc2a6b4c,0xc5904a4bf31cf1f5c2a00c8dd89d8a9a51fe70da,2577272.7902492373,SUCCESS,"swapExactTokensForTokens(uint256 amountIn, uint256 amountOutMin, address[] path, address to, uint256 deadline)"
0x9c1bd31e6878b58f76f9cd0fe3e1fa14c27178ea12154cc3666c8e1fc477554b,0x38ed1739,2025/07/08 00:18:00,2025/07/07 16:18:00,0xd4b0fdba8c8bf7727de6b49d53e5f92ebc2a6b4c,0x1ac23c97ff84eb3ac74e3e2f235b9e066f7b0eac,2040248.0721267341,SUCCESS,"swapExactTokensForTokens(uint256 amountIn, uint256 amountOutMin, address[] path, address to, uint256 deadline)"
0xbc9d1411c8dbf610f370c5a77f7a17dffc72f7cedf952b671cf862a67b43a1df,0x38ed1739,2025/07/08 00:21:38,2025/07/07 16:21:38,0xd4b0fdba8c8bf7727de6b49d53e5f92ebc2a6b4c,0x07621df4943b5c5dd72a2e26f039b821755ed6c8,2989276.3442815621,SUCCESS,"swapExactTokensForTokens(uint256 amountIn, uint256 amountOutMin, address[] path, address to, uint256 deadline)"
0x30adfc726b08cd9237b695fb5c3414c479dbbb438af3aff3120651abef64ea21,0x38ed1739,2025/07/08 00:25:15,2025/07/07 16:25:15,0xd4b0fdba8c8bf7727de6b49d53e5f92ebc2a6b4c,0x3fbb7a8ca4134b5d40cbc15412c1857976810e22,2473621.2410902530,SUCCESS,"swapExactTokensForTokens(uint256 amountIn, uint256 amountOutMin, address[] path, address to, uint256 deadline)"
0xfe4c4304866b30394239f0e7148e4f4f74bb6bb4081bdf5bd1d237eff91508c0,0x38ed1739,2025/07/08 00:28:53,2025/07/07 16:28:53,0xd4b0fdba8c8bf7727de6b49d53e5f92ebc2a6b4c,0x8335fd838b42e2ba14a7b6c0cedddc64bda85f35,2323068.5253472920,SUCCESS,"swapExactTokensForTokens(uint256 amountIn, uint256 amountOutMin, address[] path, address to, uint256 deadline)"
0xfcfffdfc3caa40a2df70a4cc98d4e9c6a7af12e910b2a4efa73320e2f7fed438,0x5c11d795,2025/07/08 00:32:26,2025/07/07 16:32:26,0xc50bb7b92d2a7fb795f465770f0c16b0ab54d04b,0xd4b0fdba8c8bf7727de6b49d53e5f92ebc2a6b4c,4054515.9907386736,SUCCESS,"swapExactTokensForTokensSupportingFeeOnTransferTokens(uint256 amountIn, uint256 amountOutMin, address[] path, address to, uint256 deadline)"
0x89e79b60fc1d81424900daaafde31422e96df725ea703c08b6e6386c70f40977,0xb42f29e8,2025/07/08 00:34:07,2025/07/07 16:34:07,0xd4b0fdba8c8bf7727de6b49d53e5f92ebc2a6b4c,0xa5f7cb7372bea999616c52680952769d6872b651,146667666.6100612581,SUCCESS,
0x89e79b60fc1d81424900daaafde31422e96df725ea703c08b6e6386c70f40977,0xb42f29e8,2025/07/08 00:34:07,2025/07/07 16:34:07,0xa5f7cb7372bea999616c52680952769d6872b651,0xd4b0fdba8c8bf7727de6b49d53e5f92ebc2a6b4c,146667666.6100612581,SUCCESS,
0x917ccbe45c3c071536726ff6319ac222cf747957e9efc2dc559ad6c82d2b1ecd,0x5cec8a50,2025/07/08 00:34:39,2025/07/07 16:34:39,0xd4b0fdba8c8bf7727de6b49d53e5f92ebc2a6b4c,0xf6b680effaf6fff23395303fb40e050e8ada6aa4,28800523.7957521081,SUCCESS,
0x917ccbe45c3c071536726ff6319ac222cf747957e9efc2dc559ad6c82d2b1ecd,0x5cec8a50,2025/07/08 00:34:39,2025/07/07 16:34:39,0xf6b680effaf6fff23395303fb40e050e8ada6aa4,0xb5d0718e63c3caa42686d4b0d63e1fbda64ed01c,28800523.7957521081,SUCCESS,
0x2a0a70acb9c0573a332ef9b9b8197e6daf39ac9fc42e72e4a427c4e1173642b0,0x5cec8a50,2025/07/08 00:35:08,2025/07/07 16:35:08,0xd4b0fdba8c8bf7727de6b49d53e5f92ebc2a6b4c,0xf6b680effaf6fff23395303fb40e050e8ada6aa4,19355681.3276787810,SUCCESS,
0x2a0a70acb9c0573a332ef9b9b8197e6daf39ac9fc42e72e4a427c4e1173642b0,0x5cec8a50,2025/07/08 00:35:08,2025/07/07 16:35:08,0xf6b680effaf6fff23395303fb40e050e8ada6aa4,0x0b32e680359ae591ea4089362c157b55be1a5d34,19355681.3276787810,SUCCESS,
0xf6baba925c378eed9d19df047c7fe5fd9d21ad31a64ccc1606255bb16f74e9dd,0x181a8b99,2025/07/08 00:36:38,2025/07/07 16:36:38,0xd4b0fdba8c8bf7727de6b49d53e5f92ebc2a6b4c,0x426603bac5e0ea73fd13aecad7a80c9f963f6eac,3163906.7514563412,SUCCESS,
0x1dfc02f657c0e9d9e53d8ddfd4dbec7da49ff4e4c8131c6c483af06b04818258,0x181a8b99,2025/07/08 00:36:41,2025/07/07 16:36:41,0xd4b0fdba8c8bf7727de6b49d53e5f92ebc2a6b4c,0x426603bac5e0ea73fd13aecad7a80c9f963f6eac,2967395.9535214906,SUCCESS,
